cluster_id	group
0	mua
1	mua
2	good
3	noise
4	good
5	noise
6	noise
7	noise
8	mua
9	good
10	good
11	mua
12	good
13	noise
14	mua
15	good
16	noise
17	noise
18	good
19	mua
20	noise
21	noise
22	noise
23	noise
24	noise
25	mua
26	mua
27	noise
28	mua
29	noise
30	noise
31	noise
32	noise
33	noise
34	noise
35	noise
36	noise
37	noise
38	noise
39	noise
40	mua
41	mua
42	noise
43	noise
44	noise
45	noise
46	noise
47	noise
48	noise
49	noise
50	noise
51	noise
52	noise
53	noise
54	noise
55	noise
56	mua
57	noise
58	noise
59	noise
60	noise
61	noise
62	noise
63	noise
64	noise
65	noise
66	noise
67	mua
68	good
69	mua
70	mua
71	good
72	good
73	good
74	good
75	good
76	mua
77	noise
78	noise
79	noise
80	good
81	mua
82	noise
83	good
84	good
85	noise
86	noise
87	mua
88	mua
89	noise
90	good
91	mua
92	mua
94	noise
95	noise
96	good
97	good
98	good
99	good
100	good
101	mua
102	good
103	good
104	good
105	good
106	good
107	mua
108	good
109	good
110	good
111	noise
112	noise
113	noise
114	good
115	mua
116	noise
117	good
118	noise
119	good
120	good
121	good
122	noise
123	good
124	good
125	good
126	noise
127	good
128	mua
129	noise
130	mua
133	noise
137	noise
140	mua
141	good
142	mua
143	good
144	good
145	noise
146	noise
147	noise
148	mua
149	mua
150	mua
151	good
152	good
153	good
154	good
155	good
156	good
157	mua
158	mua
159	mua
160	good
161	mua
162	mua
163	mua
164	mua
165	noise
166	noise
167	noise
168	good
169	noise
170	good
171	mua
172	noise
173	noise
174	noise
175	noise
176	noise
177	mua
178	noise
179	noise
180	noise
181	noise
182	noise
183	noise
184	noise
185	mua
186	noise
187	mua
188	noise
189	good
191	good
192	noise
193	good
195	noise
196	mua
197	mua
198	good
199	good
200	noise
201	good
202	good
203	good
204	mua
205	noise
206	noise
207	good
208	good
209	noise
210	good
211	noise
212	noise
213	noise
214	noise
215	good
216	good
217	good
218	good
219	good
220	mua
221	noise
222	noise
223	good
224	good
225	noise
226	mua
227	noise
228	noise
229	noise
230	good
231	good
232	noise
233	noise
234	mua
235	noise
236	noise
237	noise
238	noise
239	good
240	good
241	noise
242	noise
243	good
244	good
245	good
246	mua
247	good
248	good
249	good
250	noise
251	good
252	noise
253	good
254	good
255	noise
256	noise
257	noise
258	good
259	good
260	good
261	good
262	mua
263	noise
264	noise
265	good
266	noise
267	good
268	good
269	noise
270	good
271	mua
272	mua
273	noise
274	mua
275	good
276	good
277	good
278	good
279	good
280	good
281	good
282	good
283	good
284	good
285	good
286	noise
287	noise
288	good
289	good
290	noise
291	noise
292	noise
293	good
294	good
295	noise
296	good
297	good
298	good
299	mua
300	mua
301	mua
302	mua
303	mua
304	noise
305	good
306	mua
307	mua
308	good
309	good
310	mua
311	mua
312	good
313	good
314	mua
315	mua
316	mua
317	mua
318	good
319	mua
320	noise
321	good
322	good
323	mua
324	good
325	good
326	mua
327	mua
328	mua
329	mua
330	noise
331	mua
332	mua
333	noise
334	mua
335	mua
336	mua
337	mua
338	good
339	good
340	good
341	mua
342	good
343	good
344	good
345	good
346	noise
347	noise
348	noise
349	good
350	noise
351	noise
352	good
353	noise
354	noise
355	noise
356	noise
357	good
358	noise
359	good
360	noise
361	good
362	mua
363	noise
364	mua
365	noise
366	mua
367	mua
368	good
369	mua
370	mua
371	good
372	mua
373	good
374	mua
375	noise
376	noise
377	noise
378	mua
379	mua
380	mua
381	mua
382	noise
383	good
384	mua
385	mua
386	noise
