cluster_id	group
0	noise
1	good
2	mua
3	mua
4	good
5	good
6	noise
7	noise
8	noise
9	good
10	mua
11	mua
12	good
13	good
14	good
15	good
16	noise
17	mua
18	mua
19	mua
20	good
21	good
22	noise
23	mua
24	mua
25	mua
26	noise
27	noise
28	mua
29	good
30	good
31	good
32	noise
33	mua
34	good
35	noise
36	noise
37	noise
38	noise
39	mua
40	noise
41	noise
42	noise
43	noise
44	noise
45	noise
46	noise
47	mua
48	good
49	noise
50	mua
51	noise
52	noise
53	noise
54	noise
55	noise
56	noise
57	noise
58	noise
59	noise
60	noise
61	noise
62	noise
63	noise
64	noise
65	noise
66	noise
67	noise
68	noise
69	noise
70	noise
71	noise
72	noise
73	noise
75	noise
76	noise
77	noise
78	noise
79	noise
80	mua
81	mua
82	noise
83	noise
84	noise
85	noise
86	noise
87	noise
88	noise
89	good
90	noise
91	good
92	good
93	good
94	noise
95	good
96	good
97	good
98	good
99	noise
100	good
101	noise
102	good
103	good
104	mua
105	good
106	good
107	noise
108	good
109	noise
110	mua
111	noise
112	mua
113	mua
114	good
115	mua
116	noise
117	mua
118	noise
119	good
120	mua
121	good
122	good
123	good
124	good
125	mua
126	good
127	mua
128	mua
129	mua
130	mua
131	good
132	mua
133	mua
134	good
135	mua
136	mua
137	good
138	mua
139	noise
140	noise
141	noise
142	good
144	mua
145	noise
146	good
147	good
148	good
149	good
150	mua
151	good
152	good
153	mua
154	good
155	good
156	good
157	noise
158	noise
159	good
160	mua
161	good
162	mua
163	good
164	mua
165	noise
167	mua
168	good
169	good
170	mua
171	good
172	good
173	good
174	mua
175	noise
176	mua
177	noise
178	good
179	good
180	noise
181	mua
182	noise
183	mua
184	noise
185	mua
186	noise
187	noise
188	noise
189	noise
190	noise
191	noise
192	noise
193	mua
194	noise
195	mua
196	mua
197	noise
198	noise
199	good
200	noise
201	good
202	noise
203	noise
204	mua
205	mua
206	good
207	good
208	good
209	mua
210	noise
211	good
212	good
213	good
214	noise
215	noise
216	noise
217	noise
218	noise
219	mua
220	mua
221	good
222	noise
223	good
224	good
225	good
226	good
227	good
228	noise
229	noise
230	mua
231	noise
232	mua
233	noise
234	mua
235	noise
236	mua
237	noise
238	good
239	noise
240	mua
241	mua
242	mua
243	noise
244	good
245	good
246	good
247	noise
248	noise
249	good
250	mua
251	good
252	good
253	good
254	good
255	good
256	good
257	good
258	noise
259	mua
260	good
261	good
262	mua
263	noise
264	mua
265	good
266	noise
267	good
268	mua
269	good
270	mua
271	good
272	noise
273	good
274	mua
275	noise
276	mua
277	good
278	good
279	noise
280	good
281	mua
282	good
283	good
284	mua
285	good
286	good
287	good
288	good
289	mua
290	noise
291	mua
292	good
293	good
294	mua
295	mua
296	noise
297	good
298	good
299	noise
300	good
301	noise
302	mua
303	noise
304	noise
305	noise
306	noise
307	noise
308	noise
309	mua
310	mua
311	mua
312	mua
313	noise
314	good
315	mua
316	noise
317	noise
318	noise
319	good
320	noise
321	good
322	good
323	good
324	mua
325	mua
326	mua
327	good
328	good
329	mua
330	mua
331	mua
332	noise
333	noise
334	noise
335	noise
336	noise
337	noise
338	good
339	good
340	mua
341	good
342	mua
343	mua
344	mua
345	mua
346	mua
347	good
348	good
349	mua
350	good
351	good
352	good
353	good
354	good
355	good
356	good
357	good
358	mua
359	noise
360	good
361	good
362	noise
363	good
364	mua
365	mua
366	mua
367	mua
368	good
369	good
370	good
371	noise
372	good
373	good
374	mua
375	mua
376	mua
377	good
378	mua
379	noise
380	mua
381	mua
382	mua
383	good
384	mua
385	noise
386	good
387	good
388	mua
389	noise
390	mua
391	mua
392	good
393	noise
394	good
395	noise
396	good
397	good
398	noise
399	mua
400	mua
