cluster_id	group
0	good
1	mua
2	noise
3	mua
4	noise
5	noise
6	mua
7	mua
8	mua
9	noise
10	noise
11	noise
12	good
13	mua
14	good
15	good
16	mua
17	mua
18	noise
19	mua
20	noise
21	good
22	good
23	mua
24	noise
25	noise
26	mua
27	mua
28	mua
29	mua
30	good
31	good
32	noise
33	good
34	mua
35	good
36	good
38	noise
39	mua
43	noise
44	mua
45	noise
46	noise
47	noise
51	good
52	good
53	mua
54	mua
55	noise
56	mua
57	noise
58	mua
59	mua
60	mua
61	mua
62	mua
63	good
64	good
65	good
66	noise
67	good
68	mua
69	good
70	noise
71	good
72	mua
73	mua
74	noise
75	noise
76	good
77	mua
78	noise
79	mua
80	mua
81	mua
82	mua
83	noise
84	mua
85	mua
86	noise
87	noise
88	mua
89	mua
91	mua
92	mua
94	mua
95	mua
96	mua
98	mua
99	mua
100	mua
101	mua
102	good
103	good
104	mua
105	noise
107	mua
111	good
112	good
113	mua
114	good
115	good
116	noise
117	mua
118	mua
119	noise
120	mua
121	good
122	mua
123	mua
124	good
125	noise
126	noise
127	mua
128	mua
129	good
130	noise
131	noise
132	noise
133	good
134	mua
135	mua
136	noise
137	mua
138	mua
139	mua
140	noise
141	noise
142	noise
143	noise
144	noise
145	noise
146	noise
147	mua
148	good
149	noise
150	noise
151	mua
152	mua
153	mua
154	mua
155	mua
156	mua
163	noise
166	noise
167	mua
169	noise
170	noise
171	noise
172	noise
173	noise
174	mua
175	noise
176	mua
177	noise
178	noise
179	mua
180	good
181	mua
182	noise
183	noise
184	mua
185	noise
186	mua
187	mua
188	mua
190	noise
191	mua
192	mua
193	noise
194	mua
195	noise
196	good
197	noise
198	noise
199	mua
200	mua
201	mua
203	noise
204	noise
205	mua
206	mua
207	good
208	noise
210	noise
211	mua
212	noise
213	mua
214	mua
215	good
217	good
218	mua
219	good
220	good
221	mua
222	mua
223	noise
224	mua
225	mua
226	mua
227	mua
228	noise
229	mua
230	noise
231	noise
232	noise
233	noise
234	noise
235	noise
236	noise
237	noise
238	good
239	mua
240	noise
241	mua
242	mua
243	mua
244	good
245	mua
246	mua
247	mua
248	good
249	mua
250	good
251	mua
252	good
253	mua
254	mua
255	mua
256	noise
257	mua
258	noise
259	noise
260	mua
261	mua
263	mua
264	mua
265	mua
266	mua
269	mua
271	mua
272	mua
273	mua
274	noise
275	noise
276	mua
277	noise
278	noise
279	noise
280	noise
281	noise
282	noise
283	mua
284	mua
285	mua
286	mua
287	mua
288	mua
289	noise
290	mua
291	mua
292	good
293	mua
294	mua
295	mua
296	mua
297	mua
298	mua
299	mua
300	mua
301	mua
302	noise
303	mua
304	mua
305	mua
306	mua
307	mua
308	mua
309	mua
310	noise
311	mua
312	good
313	mua
314	noise
315	mua
316	mua
317	mua
318	mua
319	noise
320	mua
321	noise
324	mua
325	mua
326	mua
327	noise
328	mua
329	noise
330	mua
331	mua
332	mua
333	mua
334	mua
335	mua
336	mua
337	mua
338	mua
339	good
340	mua
341	mua
342	mua
343	mua
344	mua
345	mua
346	mua
347	mua
348	mua
349	mua
350	mua
351	mua
352	mua
353	mua
354	mua
355	noise
356	noise
357	mua
358	mua
359	noise
360	mua
361	mua
362	mua
363	mua
364	mua
365	mua
366	mua
367	mua
368	mua
369	mua
370	mua
371	mua
372	mua
373	mua
376	mua
377	mua
378	mua
379	mua
380	mua
381	mua
382	good
383	mua
384	good
385	mua
386	good
387	mua
388	noise
389	mua
390	mua
391	mua
392	good
393	mua
394	mua
395	mua
396	noise
397	noise
398	noise
399	mua
402	noise
