cluster_id	group
0	mua
1	mua
2	good
3	mua
4	noise
5	noise
6	mua
7	good
8	mua
9	mua
10	noise
11	good
12	good
13	good
14	mua
15	mua
16	good
17	mua
18	mua
19	mua
20	good
21	noise
22	mua
23	good
24	noise
25	noise
26	mua
27	good
28	mua
29	noise
30	noise
31	mua
32	mua
33	good
34	noise
35	noise
36	mua
37	noise
38	mua
39	noise
40	noise
41	good
42	good
43	noise
44	good
45	noise
46	noise
47	noise
48	noise
49	noise
50	good
51	good
52	noise
53	noise
54	good
55	noise
56	noise
57	noise
58	noise
59	noise
60	noise
61	noise
62	noise
63	noise
64	noise
65	noise
66	noise
67	noise
69	noise
70	noise
71	noise
72	noise
73	noise
74	noise
75	noise
76	noise
77	noise
78	mua
79	noise
80	noise
81	good
82	noise
83	mua
84	good
85	noise
86	mua
87	mua
88	good
89	mua
90	good
91	noise
92	noise
93	mua
94	noise
95	good
96	good
97	mua
98	good
99	noise
100	mua
101	mua
102	mua
103	mua
104	good
105	mua
106	noise
107	mua
108	good
109	mua
110	mua
111	mua
112	mua
113	good
114	good
115	mua
116	mua
117	good
118	noise
119	noise
120	noise
121	noise
122	noise
123	noise
124	noise
125	mua
126	noise
127	good
128	good
129	mua
130	mua
131	mua
132	mua
133	good
134	mua
135	mua
136	mua
137	mua
138	noise
139	good
140	mua
141	noise
142	good
143	good
144	good
145	mua
146	noise
147	mua
148	good
149	mua
150	good
151	good
152	mua
153	good
154	mua
155	good
156	good
157	mua
158	good
159	good
160	good
161	good
162	good
163	mua
164	good
165	good
166	mua
167	noise
168	noise
169	mua
170	noise
171	noise
172	mua
173	mua
174	noise
175	noise
176	noise
177	mua
178	mua
179	noise
180	noise
181	noise
182	good
183	noise
184	good
185	noise
186	noise
187	good
188	mua
189	noise
190	noise
191	good
192	good
193	noise
194	noise
195	noise
196	noise
197	noise
198	noise
199	good
200	good
201	good
202	mua
203	mua
204	noise
205	noise
206	noise
207	good
208	mua
209	good
210	mua
211	mua
212	good
213	mua
214	good
215	noise
216	noise
217	good
218	noise
219	noise
220	noise
221	good
222	good
223	mua
224	good
225	good
226	noise
227	good
228	good
229	good
230	mua
231	noise
232	mua
233	good
234	good
235	mua
236	good
237	good
238	good
239	good
240	good
241	good
242	good
243	good
244	noise
245	good
246	good
247	noise
248	noise
249	noise
250	noise
251	good
252	mua
253	mua
254	good
255	good
256	noise
257	noise
258	good
259	noise
260	good
261	mua
262	mua
263	mua
264	good
265	mua
266	noise
267	good
268	good
269	mua
270	mua
271	good
272	good
273	good
274	good
275	good
276	noise
277	noise
278	noise
279	noise
280	mua
281	good
282	noise
283	mua
284	good
285	noise
286	good
287	good
288	good
289	mua
290	mua
291	good
292	good
293	noise
294	mua
295	good
296	good
297	good
298	mua
299	mua
300	noise
301	noise
302	noise
303	noise
304	noise
305	noise
306	good
307	good
308	noise
309	good
310	noise
311	mua
312	mua
313	mua
314	good
315	good
316	noise
317	mua
318	good
319	mua
320	good
321	mua
322	good
323	noise
324	good
325	good
326	good
327	good
328	good
329	good
330	good
331	good
332	good
333	good
334	good
335	mua
336	mua
337	mua
338	mua
339	mua
340	noise
341	noise
342	noise
343	good
344	good
345	mua
346	noise
347	noise
348	mua
349	good
350	good
351	good
352	good
353	noise
354	noise
355	mua
356	good
357	good
358	good
359	good
360	noise
361	good
362	noise
363	noise
364	good
365	good
366	good
367	good
368	good
369	good
370	noise
371	noise
372	good
373	noise
374	good
375	noise
376	noise
377	noise
378	mua
379	good
380	good
381	mua
382	good
383	noise
384	noise
385	good
386	good
387	good
388	good
389	good
390	mua
391	noise
392	good
393	noise
394	good
395	noise
396	good
397	noise
398	noise
399	noise
400	noise
401	noise
402	noise
403	good
404	good
405	good
406	mua
407	noise
408	noise
409	mua
