cluster_id	group
0	noise
1	noise
2	mua
3	mua
4	noise
5	mua
6	mua
7	noise
8	mua
10	mua
11	mua
12	mua
14	noise
15	mua
16	mua
17	noise
18	mua
19	mua
22	noise
23	mua
24	noise
25	noise
26	noise
27	mua
28	mua
29	noise
30	noise
31	noise
32	noise
33	mua
34	mua
35	mua
36	mua
37	mua
38	mua
39	mua
40	good
41	mua
42	noise
43	noise
44	noise
45	mua
46	mua
47	noise
48	mua
49	mua
51	good
53	mua
54	good
55	mua
56	mua
57	mua
58	mua
59	noise
60	mua
61	mua
62	mua
63	noise
65	mua
66	mua
67	noise
68	noise
69	noise
70	mua
71	mua
72	noise
73	good
74	mua
75	good
76	mua
77	mua
79	noise
80	mua
81	mua
83	noise
84	noise
85	mua
86	mua
87	mua
88	mua
89	mua
90	mua
91	mua
92	good
93	noise
94	noise
95	noise
96	noise
98	mua
99	mua
100	mua
101	mua
102	mua
104	mua
105	mua
106	good
107	mua
109	mua
110	mua
111	mua
112	good
113	mua
114	mua
115	mua
116	mua
117	noise
118	noise
119	mua
120	noise
121	mua
122	noise
123	noise
124	mua
125	noise
126	good
127	noise
128	noise
129	noise
130	noise
131	mua
132	noise
134	noise
135	noise
136	mua
137	mua
138	good
139	good
140	noise
141	noise
142	noise
143	noise
144	noise
145	noise
146	noise
147	noise
148	noise
150	mua
151	mua
152	noise
153	noise
154	noise
155	noise
156	noise
157	mua
158	mua
159	mua
160	noise
161	mua
162	good
163	mua
164	noise
165	noise
166	noise
167	noise
168	mua
169	noise
170	noise
171	noise
172	mua
173	mua
174	good
175	mua
176	mua
177	noise
178	noise
180	mua
181	noise
182	noise
183	noise
184	noise
185	mua
186	mua
188	mua
189	noise
190	noise
191	noise
192	noise
193	noise
194	noise
195	noise
197	mua
198	noise
199	mua
200	mua
201	mua
202	noise
203	noise
204	noise
205	noise
206	noise
207	noise
208	mua
209	mua
210	noise
213	mua
214	mua
215	mua
219	mua
220	noise
221	good
222	noise
223	mua
224	noise
225	noise
226	noise
227	mua
228	mua
229	mua
230	mua
231	mua
232	mua
233	mua
234	mua
235	noise
236	noise
237	mua
238	mua
239	noise
240	mua
241	mua
242	good
243	noise
244	noise
245	noise
246	mua
247	mua
248	noise
249	noise
250	noise
251	mua
252	mua
253	noise
254	mua
255	mua
256	mua
257	mua
258	mua
259	mua
260	noise
261	noise
262	mua
263	noise
264	mua
265	mua
266	noise
267	mua
268	noise
269	mua
270	good
271	noise
274	mua
276	noise
277	mua
278	noise
279	mua
280	mua
281	noise
282	mua
283	noise
284	mua
285	mua
286	mua
288	mua
290	noise
292	noise
293	mua
294	noise
296	noise
297	noise
298	mua
300	noise
302	noise
303	mua
304	mua
305	noise
306	mua
307	good
308	mua
309	mua
310	mua
311	noise
312	mua
314	mua
315	mua
316	good
317	good
318	mua
319	noise
320	noise
321	mua
322	mua
323	mua
324	mua
325	mua
326	noise
327	noise
328	mua
329	mua
330	noise
331	noise
332	mua
333	noise
334	noise
335	noise
336	noise
337	noise
338	noise
339	noise
340	noise
342	noise
343	noise
344	noise
345	noise
346	noise
347	noise
348	noise
349	mua
350	noise
351	noise
352	good
353	good
354	mua
355	noise
356	good
357	good
358	mua
359	noise
360	mua
361	mua
362	mua
363	mua
364	noise
365	mua
366	good
367	good
368	noise
369	mua
370	noise
371	noise
372	noise
373	mua
374	mua
375	noise
376	noise
377	noise
378	noise
379	mua
380	mua
381	mua
382	mua
383	mua
384	mua
385	mua
386	good
387	mua
388	good
389	mua
390	mua
391	mua
392	mua
393	mua
394	mua
395	mua
396	mua
397	mua
398	mua
399	mua
400	mua
401	mua
402	mua
403	mua
404	mua
405	mua
406	noise
407	mua
408	mua
409	noise
410	mua
411	mua
412	noise
413	noise
414	mua
415	mua
416	mua
417	mua
418	mua
419	mua
420	mua
421	mua
422	mua
423	mua
424	mua
425	noise
426	good
427	mua
428	mua
429	mua
430	mua
431	noise
432	noise
433	mua
434	mua
435	noise
436	noise
437	mua
438	mua
439	mua
440	mua
441	mua
442	mua
443	mua
444	noise
445	noise
