cluster_id	group
1	mua
2	mua
3	mua
4	noise
5	noise
6	noise
7	mua
8	good
9	noise
10	noise
11	noise
12	good
13	noise
14	noise
15	noise
16	mua
17	good
18	noise
19	good
20	mua
21	noise
22	mua
23	noise
24	mua
25	noise
26	noise
27	noise
28	noise
29	noise
30	noise
31	good
32	noise
33	noise
34	noise
35	noise
36	noise
37	noise
38	noise
39	noise
41	mua
42	noise
43	mua
44	noise
45	good
46	noise
47	mua
48	noise
49	mua
50	noise
51	noise
52	noise
53	noise
54	noise
55	mua
56	noise
57	mua
58	good
59	mua
60	good
61	mua
62	mua
64	noise
65	mua
66	mua
67	mua
68	mua
69	good
70	noise
71	mua
72	mua
73	mua
74	good
75	noise
76	mua
77	noise
78	noise
79	good
80	mua
81	good
82	noise
83	mua
84	noise
85	noise
86	mua
87	mua
88	good
89	mua
90	mua
91	good
92	mua
93	mua
94	mua
95	good
96	mua
97	noise
98	noise
99	noise
100	mua
104	noise
105	good
106	good
107	mua
108	good
109	mua
110	mua
111	good
112	good
113	noise
114	mua
115	mua
116	mua
118	noise
119	mua
120	noise
121	noise
122	good
123	mua
124	mua
125	mua
126	good
127	mua
128	mua
129	mua
130	good
131	mua
132	good
133	noise
134	mua
135	mua
136	noise
137	good
138	noise
139	good
140	good
141	mua
142	noise
143	mua
144	good
145	mua
146	mua
147	noise
149	good
150	good
151	mua
153	noise
154	mua
155	good
156	good
157	mua
158	mua
159	noise
160	mua
161	noise
162	mua
163	mua
164	mua
165	mua
166	mua
167	mua
168	good
169	mua
170	mua
171	noise
172	mua
173	mua
174	noise
175	noise
177	good
178	noise
179	noise
180	noise
182	mua
183	mua
184	mua
185	mua
186	mua
187	noise
188	noise
189	good
190	mua
191	mua
192	mua
193	mua
194	noise
195	mua
198	mua
199	noise
200	mua
201	good
202	mua
203	good
204	mua
205	good
206	mua
208	mua
209	good
210	good
211	mua
212	mua
213	mua
214	noise
215	noise
216	noise
217	mua
218	mua
219	noise
220	mua
222	noise
223	mua
224	mua
226	noise
227	mua
230	noise
232	mua
233	mua
234	mua
235	mua
236	good
237	mua
238	mua
239	mua
240	noise
241	mua
242	mua
243	good
244	mua
245	good
246	good
247	good
248	good
249	mua
250	noise
251	good
252	good
254	mua
255	mua
256	good
257	mua
258	mua
259	good
260	noise
261	mua
262	noise
263	noise
264	good
265	good
266	mua
267	mua
268	noise
269	good
270	mua
271	mua
272	good
273	noise
274	mua
275	good
277	good
278	good
279	noise
280	good
281	mua
282	mua
283	mua
284	mua
285	good
286	mua
287	mua
288	mua
290	mua
291	mua
292	noise
293	good
294	mua
296	mua
297	good
298	mua
304	mua
305	mua
306	good
307	good
308	mua
309	noise
310	mua
311	mua
313	mua
314	noise
315	mua
316	mua
317	mua
318	good
319	mua
320	mua
321	good
322	good
323	mua
324	mua
325	good
326	mua
327	good
328	mua
329	noise
330	mua
331	mua
332	mua
333	mua
334	mua
335	mua
336	good
337	mua
338	mua
339	mua
340	mua
341	good
342	mua
343	noise
344	mua
345	noise
346	mua
347	mua
348	good
349	good
350	mua
351	mua
352	mua
353	good
354	mua
355	mua
356	good
357	noise
358	good
359	noise
360	mua
361	good
362	mua
363	mua
364	mua
365	good
366	mua
367	mua
368	good
369	good
370	mua
371	mua
372	noise
373	mua
374	mua
375	good
376	mua
377	mua
378	mua
379	mua
380	good
381	mua
382	good
383	mua
384	mua
385	noise
386	good
387	mua
388	mua
389	good
390	good
391	mua
392	mua
393	mua
394	good
395	mua
396	good
397	mua
398	mua
399	good
400	mua
401	mua
402	good
403	mua
404	good
405	mua
406	mua
407	mua
408	good
409	good
410	mua
411	mua
412	good
413	noise
414	mua
415	mua
416	mua
417	mua
418	mua
419	mua
420	noise
421	good
422	good
423	mua
424	mua
425	mua
426	mua
427	mua
428	mua
429	good
430	noise
431	mua
432	good
433	mua
434	noise
435	mua
436	mua
437	mua
438	good
439	mua
440	mua
441	mua
442	noise
443	mua
444	noise
445	good
446	mua
447	noise
448	mua
