cluster_id	group
0	mua
1	good
2	mua
3	good
4	mua
5	good
6	noise
7	mua
8	good
9	good
10	noise
11	noise
12	good
13	mua
14	good
15	mua
16	good
17	mua
18	mua
19	good
20	mua
21	noise
22	mua
23	mua
24	mua
26	mua
27	mua
28	noise
29	noise
30	noise
31	mua
32	mua
33	noise
34	noise
35	noise
36	noise
37	noise
38	mua
39	mua
40	good
41	mua
43	noise
44	noise
45	noise
46	noise
47	mua
48	good
49	noise
50	noise
51	noise
52	mua
53	noise
54	noise
55	noise
56	noise
57	noise
58	noise
59	mua
60	noise
61	noise
62	good
63	noise
64	noise
65	mua
66	noise
67	noise
68	noise
69	mua
70	noise
71	noise
72	mua
73	noise
74	noise
75	mua
76	mua
77	noise
78	noise
79	noise
80	noise
81	good
82	noise
83	mua
84	noise
85	mua
86	noise
87	good
88	good
89	mua
90	noise
91	noise
92	mua
93	noise
95	mua
96	mua
97	noise
98	noise
99	mua
101	mua
102	noise
103	mua
104	mua
105	mua
106	noise
107	good
108	mua
109	mua
110	mua
111	noise
112	mua
113	mua
114	good
115	mua
116	good
117	good
118	good
119	good
120	mua
121	mua
122	good
123	noise
124	noise
125	noise
126	good
127	mua
128	noise
129	noise
130	good
131	mua
132	mua
133	good
134	mua
135	noise
136	good
137	mua
138	good
139	good
140	good
141	mua
142	mua
143	noise
144	good
145	mua
146	good
147	mua
148	good
149	good
150	mua
151	mua
152	mua
153	mua
154	good
155	good
156	mua
157	mua
158	mua
159	mua
160	mua
161	mua
162	good
164	mua
165	good
166	mua
167	noise
168	good
169	good
170	mua
171	mua
172	mua
173	noise
174	mua
175	good
176	mua
177	good
178	mua
179	mua
180	mua
181	good
182	good
183	noise
184	good
185	good
186	mua
187	mua
188	mua
189	good
190	mua
191	mua
192	noise
193	good
194	mua
195	mua
196	good
197	mua
198	mua
199	mua
200	noise
201	good
202	noise
203	noise
204	noise
205	mua
206	noise
207	good
208	good
209	mua
210	good
211	good
212	good
213	mua
214	mua
215	good
216	good
217	good
218	noise
219	mua
220	mua
221	mua
222	mua
223	noise
224	mua
225	mua
226	mua
227	mua
228	good
229	mua
230	mua
231	good
232	mua
233	mua
234	mua
235	good
237	mua
238	noise
239	noise
240	mua
241	mua
242	good
243	good
244	good
245	noise
246	noise
247	mua
248	mua
249	good
250	good
251	noise
252	mua
253	good
256	mua
257	noise
258	mua
262	noise
265	noise
267	noise
268	mua
269	mua
270	mua
272	mua
273	mua
274	noise
275	good
276	mua
277	mua
278	mua
279	mua
280	good
281	mua
282	mua
283	good
284	mua
285	good
286	good
287	good
288	good
289	mua
290	good
291	noise
292	good
293	mua
294	good
295	good
296	good
297	good
298	good
299	mua
300	good
301	mua
302	noise
303	noise
304	good
305	noise
306	good
307	mua
308	good
309	good
310	mua
311	mua
312	noise
313	good
314	good
315	mua
316	noise
317	mua
318	good
319	good
320	good
321	noise
322	noise
323	mua
324	noise
325	good
326	mua
327	mua
328	good
329	mua
330	good
331	good
332	good
333	good
334	mua
335	mua
336	noise
337	noise
338	noise
339	noise
340	mua
341	mua
342	mua
343	mua
345	noise
346	noise
347	mua
348	good
349	good
350	mua
351	good
352	good
353	noise
354	noise
355	mua
356	good
357	noise
358	noise
359	mua
360	mua
361	mua
362	mua
363	mua
364	good
365	mua
366	mua
368	mua
370	noise
371	good
372	mua
373	noise
374	mua
375	good
376	good
377	good
378	noise
379	mua
380	mua
381	mua
382	mua
383	noise
384	noise
385	noise
386	mua
387	mua
389	mua
391	good
392	mua
393	noise
394	mua
395	good
396	noise
397	good
398	good
399	mua
400	mua
401	noise
402	mua
403	mua
404	noise
405	mua
406	noise
407	mua
408	mua
409	mua
410	good
411	good
412	mua
413	mua
414	mua
415	mua
416	mua
417	good
418	good
419	good
420	noise
421	mua
422	mua
423	mua
424	mua
425	mua
426	mua
427	noise
428	mua
429	mua
430	good
431	good
432	mua
433	mua
434	noise
435	mua
436	mua
437	mua
438	mua
439	good
440	noise
441	good
442	mua
443	mua
444	good
445	mua
446	good
447	mua
448	good
449	mua
450	mua
451	mua
452	mua
453	mua
454	mua
455	mua
456	mua
457	mua
458	mua
459	good
460	mua
461	mua
462	good
463	mua
464	mua
465	mua
466	good
467	good
468	good
469	mua
470	mua
471	mua
472	good
473	good
474	mua
475	mua
476	good
477	good
478	mua
479	good
480	good
481	good
482	mua
483	mua
484	good
485	good
486	good
487	noise
488	mua
489	good
490	good
491	good
492	good
493	mua
494	good
495	mua
496	good
497	good
498	mua
499	mua
500	good
502	good
503	good
504	good
505	good
506	mua
507	good
508	mua
509	mua
510	mua
511	good
512	mua
513	mua
514	mua
515	mua
516	good
517	mua
518	mua
519	good
520	mua
521	mua
522	mua
523	mua
524	mua
525	good
526	mua
527	good
528	mua
529	mua
530	mua
531	good
532	good
533	good
534	good
535	mua
536	good
537	good
538	mua
539	mua
540	good
541	good
542	good
543	mua
544	good
545	mua
546	good
547	mua
548	mua
549	noise
550	good
551	mua
552	mua
553	mua
554	good
555	noise
556	mua
557	mua
558	mua
559	good
560	good
561	good
562	good
563	mua
564	mua
565	mua
566	mua
567	mua
568	good
569	mua
570	good
571	good
572	mua
573	good
574	mua
575	mua
576	good
577	good
578	good
579	mua
580	good
581	mua
582	mua
583	mua
584	mua
585	mua
586	mua
587	mua
588	good
589	good
590	mua
591	mua
592	good
593	mua
594	mua
595	good
596	mua
597	mua
598	good
599	mua
600	good
