cluster_id	group
0	mua
1	good
2	good
3	mua
4	good
5	mua
6	noise
7	noise
8	noise
9	good
10	good
11	good
12	mua
13	noise
14	good
15	good
16	noise
17	noise
18	mua
19	mua
20	noise
21	noise
22	mua
23	good
24	noise
25	mua
26	mua
27	noise
28	noise
29	good
30	mua
31	mua
32	good
33	noise
34	noise
35	noise
36	noise
37	noise
38	noise
39	noise
40	noise
41	mua
42	mua
43	noise
44	noise
45	noise
46	noise
47	noise
48	noise
49	noise
50	noise
51	noise
52	noise
53	noise
54	noise
55	noise
56	noise
57	noise
58	noise
59	noise
60	noise
61	noise
62	noise
63	noise
64	good
65	mua
66	noise
67	noise
68	mua
69	noise
70	noise
71	noise
72	noise
73	noise
74	noise
75	noise
76	good
77	mua
78	good
79	mua
80	noise
81	mua
82	good
83	good
84	mua
85	good
86	good
87	mua
88	mua
89	good
90	mua
91	good
92	noise
93	noise
94	good
95	good
96	mua
97	good
98	noise
99	noise
100	mua
101	mua
102	noise
103	mua
104	mua
105	good
106	good
107	mua
108	good
109	good
110	good
111	good
112	good
113	mua
114	mua
115	good
116	good
117	good
118	good
119	noise
120	good
121	mua
122	mua
123	mua
124	good
125	noise
126	good
127	noise
128	good
129	mua
130	good
131	noise
132	good
133	good
134	good
135	good
136	noise
137	good
138	good
139	noise
140	good
141	noise
142	noise
143	good
144	good
145	noise
146	mua
147	noise
148	noise
149	good
150	mua
151	mua
152	noise
153	noise
154	good
155	mua
156	mua
157	noise
158	mua
159	noise
160	mua
161	good
162	mua
163	mua
164	mua
165	mua
167	mua
168	mua
169	noise
170	mua
171	good
172	mua
173	good
174	good
175	good
176	noise
177	mua
178	mua
179	noise
180	noise
181	noise
182	good
183	good
184	noise
185	noise
186	noise
187	mua
188	noise
189	good
190	good
191	noise
192	good
193	mua
194	noise
195	noise
196	mua
197	noise
198	good
199	good
200	noise
201	noise
202	noise
203	good
204	good
205	good
206	good
207	mua
208	good
209	mua
210	noise
211	mua
212	good
213	good
214	good
215	noise
216	mua
217	mua
218	noise
219	mua
220	mua
221	noise
222	noise
223	good
224	noise
225	mua
226	good
227	good
228	noise
229	noise
230	good
231	mua
232	good
233	mua
234	good
235	good
236	noise
237	good
238	noise
239	noise
240	good
241	good
242	noise
243	good
244	good
245	good
246	noise
247	good
248	good
249	good
250	mua
251	noise
252	noise
253	mua
254	mua
255	noise
258	good
259	good
260	good
261	mua
262	noise
263	good
264	noise
265	mua
266	mua
267	good
268	good
269	noise
270	good
271	good
272	good
273	good
274	good
275	mua
276	good
277	mua
278	good
279	good
280	good
281	noise
282	good
283	noise
284	mua
285	noise
286	good
287	mua
288	good
289	noise
290	noise
291	good
292	good
293	good
294	noise
295	good
296	noise
297	good
298	mua
299	good
300	good
301	good
302	mua
303	good
304	good
305	good
306	mua
308	good
309	good
310	good
311	mua
312	mua
313	noise
314	good
315	good
316	mua
317	mua
318	noise
319	mua
320	good
321	mua
322	mua
323	mua
324	mua
325	mua
326	mua
327	noise
328	mua
329	mua
330	noise
331	noise
332	noise
333	mua
334	good
335	good
336	good
337	good
338	good
339	good
340	good
341	noise
342	noise
343	good
344	mua
345	noise
346	mua
347	noise
348	good
349	good
350	good
351	good
352	noise
353	noise
354	good
355	good
356	good
357	mua
358	good
359	mua
360	mua
361	good
362	mua
363	mua
364	good
365	good
366	mua
