cluster_id	group
0	mua
2	mua
3	mua
4	noise
5	mua
7	noise
9	noise
10	good
11	mua
12	good
13	mua
14	mua
15	mua
16	mua
18	mua
19	mua
21	mua
22	noise
23	mua
24	good
25	noise
26	good
27	mua
28	mua
29	mua
31	mua
32	noise
36	mua
37	noise
38	mua
39	mua
40	mua
41	noise
42	mua
43	noise
44	mua
45	noise
46	mua
47	noise
48	mua
51	good
52	mua
53	mua
54	mua
55	mua
56	noise
57	good
58	mua
59	noise
60	mua
61	mua
62	noise
63	mua
64	noise
65	mua
66	mua
67	mua
68	noise
69	mua
70	mua
71	mua
72	good
73	good
74	mua
75	noise
76	mua
77	noise
78	noise
79	noise
80	noise
81	noise
82	mua
84	good
85	mua
86	noise
87	mua
88	mua
89	mua
90	mua
91	noise
93	noise
94	noise
95	noise
96	mua
97	noise
98	mua
99	mua
100	mua
101	noise
102	good
105	noise
106	noise
114	mua
120	good
121	noise
123	noise
124	noise
126	mua
128	good
129	good
130	mua
131	mua
132	mua
133	mua
134	noise
135	good
137	mua
138	noise
139	mua
144	mua
146	noise
150	mua
152	good
153	noise
154	noise
156	mua
157	mua
158	mua
160	mua
162	mua
164	good
165	mua
167	mua
168	noise
169	noise
170	noise
171	good
172	good
174	mua
175	mua
176	mua
177	good
178	good
179	noise
180	noise
184	good
185	mua
186	noise
187	noise
188	noise
189	mua
190	mua
191	noise
192	noise
193	noise
195	mua
196	mua
197	mua
198	mua
199	noise
200	mua
201	mua
203	noise
206	noise
207	good
208	noise
210	mua
212	noise
213	mua
214	mua
215	mua
216	mua
217	mua
221	noise
229	mua
231	noise
233	mua
234	mua
235	mua
236	mua
237	good
238	noise
239	mua
240	noise
241	noise
242	mua
243	noise
244	noise
245	noise
246	good
247	mua
248	noise
249	noise
250	mua
251	mua
252	mua
253	mua
254	mua
256	noise
257	mua
258	good
259	mua
260	mua
261	noise
262	mua
263	mua
264	mua
265	mua
266	noise
267	noise
268	noise
269	noise
270	mua
271	mua
272	mua
273	mua
274	noise
275	noise
276	mua
277	noise
278	mua
279	noise
281	noise
285	mua
286	mua
290	noise
293	mua
294	mua
295	mua
297	noise
299	mua
300	noise
301	noise
302	mua
303	mua
304	mua
305	mua
307	noise
308	mua
309	noise
310	mua
311	mua
312	mua
313	mua
314	mua
315	noise
316	noise
317	noise
318	mua
319	mua
320	noise
321	mua
322	noise
323	noise
324	noise
325	noise
326	noise
327	mua
328	mua
329	mua
331	noise
332	noise
333	noise
334	mua
335	mua
336	noise
337	noise
338	mua
339	noise
340	noise
341	noise
342	noise
343	mua
344	noise
345	noise
347	noise
348	mua
349	mua
350	mua
351	mua
352	mua
353	noise
354	mua
355	mua
356	good
357	mua
358	noise
359	mua
360	good
361	mua
362	good
363	good
364	good
365	mua
367	mua
368	mua
369	mua
370	noise
371	good
372	noise
373	mua
374	mua
375	mua
377	mua
378	mua
379	noise
380	mua
382	noise
383	noise
384	mua
385	noise
386	mua
387	mua
388	noise
390	mua
392	good
393	mua
394	mua
395	mua
396	noise
397	noise
398	noise
399	mua
400	mua
401	mua
402	mua
403	mua
404	mua
405	mua
406	mua
407	good
408	mua
409	noise
410	mua
411	noise
412	mua
413	mua
414	mua
415	mua
416	mua
417	mua
418	mua
419	mua
420	mua
421	mua
422	mua
423	mua
424	mua
425	mua
426	mua
427	noise
428	noise
429	good
430	mua
431	mua
432	mua
433	mua
434	mua
435	mua
436	mua
437	good
438	noise
439	good
440	mua
441	noise
442	mua
443	mua
444	noise
445	noise
446	mua
447	mua
448	mua
449	noise
450	mua
451	noise
452	noise
453	mua
454	noise
455	mua
456	noise
457	mua
458	good
459	mua
460	mua
461	noise
462	mua
463	mua
464	mua
465	mua
466	mua
467	mua
468	mua
469	mua
470	mua
471	mua
472	noise
473	noise
474	mua
475	mua
476	mua
477	good
478	mua
479	mua
480	noise
481	mua
482	mua
483	mua
484	noise
485	mua
486	mua
487	noise
488	mua
489	mua
490	mua
491	mua
492	mua
493	mua
494	noise
495	mua
496	mua
497	mua
498	mua
499	good
500	mua
501	mua
502	noise
503	noise
504	noise
505	mua
506	noise
507	noise
508	mua
509	mua
510	mua
511	mua
512	mua
513	mua
514	mua
515	mua
516	mua
517	noise
518	mua
519	mua
520	mua
521	mua
522	mua
523	mua
524	noise
525	mua
526	mua
527	mua
528	mua
529	noise
530	noise
531	noise
532	noise
533	noise
534	noise
535	mua
536	mua
537	mua
538	mua
539	mua
540	mua
541	good
542	good
543	mua
544	mua
545	mua
546	mua
547	mua
548	mua
549	good
550	mua
551	good
552	mua
553	good
554	mua
555	good
556	mua
557	mua
558	mua
559	mua
560	good
561	good
562	noise
563	noise
564	mua
565	mua
566	mua
567	mua
568	mua
569	mua
570	mua
571	noise
572	mua
573	mua
574	mua
575	mua
576	mua
577	good
578	mua
579	mua
580	noise
581	mua
582	mua
583	mua
584	noise
585	noise
586	mua
587	noise
588	mua
589	noise
590	mua
591	noise
592	noise
593	mua
594	mua
595	mua
596	noise
597	mua
598	mua
599	mua
600	noise
601	mua
602	mua
603	mua
604	mua
605	mua
606	mua
607	mua
608	mua
609	mua
610	noise
611	noise
612	noise
613	mua
614	mua
615	mua
616	mua
617	mua
618	mua
619	mua
620	mua
621	mua
622	good
623	mua
624	mua
625	noise
626	mua
627	noise
628	noise
629	noise
630	noise
631	mua
632	mua
633	mua
634	mua
635	mua
636	mua
637	noise
638	noise
639	noise
640	mua
641	mua
642	noise
643	mua
644	noise
645	mua
646	mua
647	mua
648	mua
649	mua
650	noise
651	noise
652	mua
653	mua
654	noise
655	mua
656	mua
657	noise
658	mua
659	noise
660	mua
661	noise
662	mua
663	mua
664	mua
665	mua
666	noise
667	good
668	noise
669	noise
670	mua
671	mua
672	mua
673	noise
674	noise
