cluster_id	group
0	noise
1	good
2	good
3	mua
4	mua
5	noise
6	mua
7	good
8	mua
9	good
10	mua
11	good
12	mua
13	mua
14	mua
15	mua
16	good
17	mua
18	mua
19	mua
20	good
21	mua
22	good
23	good
24	mua
26	mua
27	noise
29	noise
30	mua
31	noise
32	mua
33	mua
34	noise
35	mua
36	good
37	good
38	mua
39	noise
40	mua
41	noise
42	good
43	mua
44	noise
45	noise
46	noise
47	mua
48	mua
49	mua
50	noise
51	mua
52	mua
53	noise
54	noise
55	good
56	mua
57	mua
58	noise
59	noise
60	noise
61	good
62	mua
63	mua
64	good
65	noise
66	mua
67	mua
68	good
69	noise
70	mua
71	mua
73	good
75	noise
76	noise
77	mua
78	mua
79	noise
80	good
81	mua
82	good
83	noise
84	good
85	good
86	noise
87	mua
88	good
89	mua
90	mua
91	noise
93	mua
94	good
95	noise
96	good
97	good
98	noise
99	mua
100	noise
101	good
102	noise
103	noise
104	mua
105	mua
106	mua
107	good
108	mua
109	noise
110	mua
111	mua
112	mua
113	mua
114	mua
115	good
117	good
118	mua
120	mua
121	mua
122	mua
123	good
124	good
125	good
126	noise
127	mua
128	noise
129	mua
130	good
131	good
132	good
133	mua
134	mua
135	good
136	noise
137	noise
138	mua
139	good
140	good
141	mua
142	mua
143	mua
144	mua
145	good
146	good
147	mua
148	mua
149	mua
150	good
152	mua
153	good
154	mua
155	noise
156	noise
157	noise
158	noise
159	noise
160	noise
161	mua
162	mua
163	mua
164	mua
165	mua
166	mua
167	mua
168	mua
169	mua
170	mua
171	noise
172	mua
173	mua
174	noise
175	noise
176	mua
177	noise
178	mua
179	noise
180	noise
181	mua
182	mua
183	mua
184	mua
185	good
186	good
187	mua
188	mua
189	mua
190	mua
191	mua
192	mua
193	mua
194	good
195	noise
196	good
197	noise
198	noise
199	noise
200	good
201	mua
202	noise
203	mua
204	mua
205	noise
206	noise
207	mua
208	noise
209	mua
210	noise
211	mua
212	noise
213	mua
214	noise
215	mua
216	mua
217	mua
218	noise
219	noise
