cluster_id	group
0	mua
1	mua
2	noise
3	good
4	noise
5	noise
6	noise
7	noise
8	noise
9	noise
10	noise
11	noise
12	noise
13	noise
14	noise
15	noise
16	noise
17	noise
18	noise
19	noise
20	noise
21	noise
22	noise
23	noise
24	noise
25	noise
26	noise
27	noise
28	noise
29	noise
30	noise
31	mua
32	mua
33	noise
34	mua
35	mua
36	mua
37	good
38	noise
39	mua
40	noise
41	noise
42	noise
43	mua
44	good
45	noise
46	mua
47	mua
48	good
49	noise
50	mua
51	mua
52	good
54	mua
55	mua
57	noise
58	noise
60	noise
61	mua
62	noise
63	noise
64	mua
65	mua
66	good
67	mua
68	noise
69	mua
70	good
71	good
72	mua
73	mua
74	mua
75	noise
76	noise
77	good
78	noise
79	mua
80	mua
81	noise
82	noise
83	noise
84	noise
85	noise
86	noise
87	noise
88	noise
89	noise
90	noise
91	noise
92	noise
93	noise
94	noise
95	noise
96	noise
97	noise
98	noise
99	noise
100	noise
101	mua
102	noise
103	good
104	good
106	mua
107	noise
108	mua
109	good
110	noise
111	noise
112	noise
113	good
114	mua
115	mua
116	mua
117	good
118	noise
119	good
120	good
121	good
122	good
123	mua
124	mua
125	noise
126	noise
127	mua
128	good
129	mua
130	noise
131	good
132	noise
133	noise
134	good
135	noise
136	noise
137	noise
138	noise
139	noise
140	noise
141	mua
142	good
143	good
144	noise
145	good
146	noise
147	good
148	good
149	good
150	mua
151	mua
152	good
153	mua
154	noise
155	noise
156	noise
157	good
158	good
159	good
160	noise
161	good
162	good
163	good
164	good
165	noise
166	good
167	good
168	good
169	noise
170	noise
171	mua
172	good
173	good
174	good
175	good
176	good
177	noise
178	noise
179	mua
180	good
181	good
182	mua
183	good
184	mua
185	good
186	mua
187	good
188	noise
189	noise
190	noise
191	mua
192	mua
193	noise
194	noise
195	good
196	good
197	mua
198	mua
199	mua
200	noise
201	mua
202	good
203	noise
204	noise
205	good
206	good
207	good
208	good
209	mua
210	noise
211	noise
212	good
213	mua
214	good
215	noise
216	good
217	noise
218	mua
219	mua
220	mua
221	mua
222	good
223	noise
224	good
225	mua
226	noise
227	noise
228	good
229	good
230	good
231	good
232	good
233	good
234	good
235	mua
236	mua
237	good
238	mua
239	mua
240	mua
241	good
242	mua
243	good
244	good
245	noise
246	mua
247	noise
248	good
249	good
250	noise
251	noise
252	mua
253	good
254	good
255	noise
256	good
257	good
258	good
259	good
260	good
261	good
262	good
263	good
264	good
265	good
266	good
267	good
268	good
269	good
270	noise
271	mua
272	good
