cluster_id	group
0	noise
1	mua
2	good
3	good
4	mua
5	mua
6	mua
7	good
8	mua
9	mua
10	mua
11	mua
12	noise
13	noise
14	noise
15	noise
16	mua
17	noise
18	noise
19	mua
20	mua
21	good
22	mua
23	good
24	mua
25	noise
26	noise
27	mua
28	mua
29	mua
30	mua
31	noise
32	mua
33	mua
34	noise
35	noise
36	noise
37	good
38	good
39	noise
40	mua
41	good
42	noise
43	noise
44	good
45	noise
46	noise
47	noise
48	noise
49	noise
50	mua
51	noise
52	noise
53	noise
54	noise
55	noise
56	noise
57	noise
58	noise
59	noise
60	noise
61	noise
62	noise
63	noise
64	noise
65	noise
66	noise
67	noise
68	noise
69	noise
70	noise
71	noise
72	noise
73	mua
74	mua
75	noise
76	good
77	mua
78	noise
79	noise
80	mua
81	noise
82	mua
83	good
84	noise
85	noise
86	noise
87	noise
88	mua
89	good
90	good
91	mua
92	mua
93	mua
94	noise
95	good
96	mua
97	mua
98	noise
99	mua
100	good
101	good
102	mua
103	good
104	good
105	good
106	mua
107	good
108	noise
109	noise
110	noise
111	mua
112	mua
113	noise
114	mua
115	mua
116	noise
117	good
118	mua
119	good
120	noise
121	mua
122	mua
123	mua
124	mua
125	good
126	mua
127	good
128	good
129	mua
130	good
131	good
133	mua
134	noise
136	mua
137	mua
139	noise
141	noise
142	noise
143	mua
144	good
145	good
146	mua
147	noise
148	mua
149	good
150	noise
151	good
152	good
153	mua
154	good
155	good
156	good
157	mua
158	mua
159	mua
160	good
161	mua
162	good
163	mua
164	noise
165	mua
166	mua
167	mua
168	noise
169	mua
170	noise
171	noise
172	mua
173	noise
174	mua
175	noise
176	mua
177	noise
178	noise
179	noise
180	mua
181	good
183	noise
184	noise
185	good
186	noise
187	good
188	noise
189	noise
190	mua
191	good
192	mua
193	mua
194	mua
195	good
196	good
197	good
198	good
199	noise
200	good
201	mua
202	mua
203	noise
204	noise
206	mua
207	mua
208	mua
209	noise
210	noise
211	noise
212	mua
213	good
214	mua
215	mua
216	noise
217	mua
218	mua
219	noise
220	mua
221	mua
222	good
223	mua
224	good
225	mua
226	good
227	good
228	good
229	mua
230	good
231	noise
232	noise
233	good
234	noise
235	good
236	good
237	good
238	mua
239	good
240	mua
241	mua
242	mua
243	mua
245	mua
246	noise
247	mua
248	mua
249	noise
250	good
251	good
252	good
253	mua
254	mua
255	noise
256	noise
257	mua
258	mua
259	good
260	good
261	noise
262	mua
263	mua
264	mua
265	good
266	mua
267	noise
268	good
269	mua
270	good
271	mua
272	mua
274	good
275	good
276	mua
277	good
278	noise
279	mua
280	good
281	good
282	mua
283	mua
284	mua
285	good
286	noise
287	mua
288	good
289	good
290	noise
291	good
292	mua
293	mua
294	noise
295	noise
296	noise
297	noise
298	mua
299	mua
300	noise
301	noise
302	noise
303	noise
304	good
305	mua
306	good
307	mua
308	mua
309	mua
310	mua
311	good
312	mua
313	good
314	mua
315	noise
316	good
317	mua
318	noise
319	mua
320	noise
321	mua
322	mua
323	good
324	noise
325	good
326	noise
327	noise
328	good
329	good
330	good
331	mua
332	good
333	noise
334	mua
335	mua
336	mua
337	good
338	mua
339	noise
340	noise
341	noise
342	good
343	mua
344	good
345	noise
346	noise
347	noise
348	mua
349	good
350	good
351	good
352	noise
353	noise
354	mua
355	noise
356	good
357	good
358	mua
359	good
360	mua
361	good
362	good
363	mua
364	good
365	mua
366	noise
367	mua
368	good
369	good
370	mua
371	good
372	noise
373	good
374	good
375	noise
376	mua
377	mua
378	good
379	good
380	mua
381	good
382	noise
383	good
384	good
385	mua
386	good
387	mua
388	noise
389	good
390	mua
391	mua
392	mua
393	mua
394	mua
395	noise
396	mua
397	good
398	noise
399	noise
400	noise
401	mua
402	good
403	mua
404	good
405	mua
406	noise
407	noise
408	noise
409	mua
410	mua
411	noise
412	noise
413	mua
414	good
415	mua
