cluster_id	group
0	noise
1	noise
2	noise
4	noise
5	noise
6	mua
8	noise
9	noise
10	noise
11	noise
12	noise
13	noise
14	mua
15	noise
16	mua
17	mua
18	noise
19	noise
20	mua
21	mua
22	mua
23	mua
24	mua
26	noise
27	mua
28	noise
29	noise
30	mua
31	noise
32	noise
33	mua
34	mua
35	noise
36	mua
37	good
38	mua
39	good
40	noise
42	good
43	noise
44	mua
45	good
46	good
47	good
48	mua
49	noise
50	noise
51	good
52	mua
53	mua
54	noise
55	mua
56	mua
57	noise
58	noise
59	mua
60	mua
61	noise
62	mua
64	good
65	good
66	noise
67	mua
68	mua
69	noise
70	mua
71	mua
72	mua
73	mua
74	mua
75	mua
76	mua
77	mua
78	good
79	mua
80	mua
81	mua
82	noise
83	mua
84	mua
85	good
86	good
87	mua
88	mua
89	mua
90	mua
91	noise
92	noise
93	mua
94	noise
95	noise
96	noise
97	mua
98	noise
99	good
100	noise
101	mua
102	mua
103	mua
104	mua
105	mua
106	good
107	good
108	mua
109	mua
110	mua
111	noise
112	noise
113	mua
114	mua
115	mua
116	noise
117	noise
119	mua
121	mua
122	mua
123	noise
126	noise
127	good
128	mua
129	mua
130	mua
131	noise
132	good
133	good
134	mua
135	mua
136	good
137	good
138	mua
139	mua
140	mua
141	good
142	noise
143	noise
144	good
145	noise
146	noise
147	noise
148	noise
149	noise
150	mua
151	good
152	noise
154	mua
155	good
157	noise
158	good
159	noise
160	noise
161	mua
162	mua
163	mua
164	noise
165	noise
166	noise
167	mua
168	noise
169	mua
170	good
171	noise
172	good
173	mua
174	noise
175	mua
176	mua
177	mua
178	mua
179	noise
180	mua
181	good
182	noise
183	mua
184	noise
185	mua
186	mua
187	mua
188	mua
189	mua
190	mua
192	mua
194	mua
196	mua
199	noise
200	noise
201	good
202	mua
203	mua
204	noise
205	noise
206	good
207	mua
208	noise
209	noise
210	mua
211	mua
212	mua
215	good
216	noise
217	good
218	mua
219	noise
220	noise
221	noise
222	mua
223	mua
225	noise
226	good
227	noise
228	mua
229	noise
230	mua
231	noise
232	mua
233	noise
234	mua
235	noise
236	noise
237	mua
238	noise
239	noise
240	good
241	good
242	noise
243	noise
244	mua
245	noise
246	mua
247	noise
248	noise
249	noise
250	mua
251	mua
252	noise
253	mua
254	good
255	noise
256	mua
257	noise
258	mua
259	mua
260	mua
261	noise
262	good
263	good
264	good
265	noise
266	noise
267	noise
268	mua
269	noise
270	noise
271	mua
272	mua
273	noise
274	noise
275	noise
276	mua
277	noise
278	good
279	noise
280	mua
281	good
282	noise
283	noise
284	noise
285	noise
286	noise
288	mua
289	noise
290	mua
291	noise
292	mua
293	good
294	noise
297	mua
298	mua
299	noise
300	mua
301	mua
302	noise
304	noise
305	good
306	good
309	mua
310	mua
311	good
312	mua
313	mua
314	mua
315	noise
316	noise
317	mua
318	noise
319	noise
320	noise
321	good
322	mua
323	mua
324	mua
325	mua
326	noise
327	noise
328	noise
329	mua
330	mua
331	noise
332	good
333	mua
334	good
336	noise
337	noise
338	noise
339	noise
340	noise
341	noise
342	noise
343	mua
344	noise
345	mua
346	mua
347	mua
348	mua
349	good
350	noise
351	mua
352	mua
353	mua
354	mua
355	good
356	noise
357	mua
358	good
359	mua
360	mua
361	noise
362	noise
363	noise
364	mua
365	noise
366	mua
367	mua
368	mua
370	noise
371	mua
372	noise
373	noise
374	noise
375	noise
376	noise
377	mua
378	mua
379	noise
380	noise
381	noise
382	mua
383	mua
384	mua
385	mua
386	mua
387	mua
388	mua
389	mua
390	mua
391	mua
392	mua
393	mua
394	mua
395	mua
396	mua
397	mua
398	good
399	noise
400	noise
401	noise
402	noise
403	mua
404	mua
405	mua
406	mua
407	mua
408	mua
409	mua
410	noise
411	noise
412	good
413	noise
414	mua
415	mua
416	mua
417	mua
418	mua
419	mua
420	mua
421	noise
422	mua
423	mua
424	mua
425	mua
426	good
427	noise
428	mua
429	good
430	noise
431	good
432	mua
433	good
434	mua
435	good
436	mua
437	good
438	good
439	mua
440	noise
441	mua
442	noise
443	mua
444	mua
445	mua
446	mua
447	good
448	mua
449	mua
450	mua
451	mua
452	mua
453	mua
454	noise
455	mua
456	mua
457	noise
458	good
459	noise
460	mua
461	good
462	noise
463	noise
464	mua
465	mua
466	mua
