cluster_id	group
0	mua
1	noise
2	noise
3	noise
4	mua
5	noise
6	mua
7	mua
8	noise
10	mua
11	noise
12	noise
13	mua
14	noise
15	noise
16	noise
17	noise
18	noise
19	noise
20	mua
21	mua
22	noise
23	mua
24	noise
25	mua
26	noise
27	noise
28	mua
29	mua
30	noise
31	noise
32	noise
33	mua
35	noise
36	mua
37	noise
38	mua
39	noise
40	noise
41	noise
42	noise
43	noise
44	noise
45	noise
46	mua
47	noise
48	noise
49	mua
50	mua
51	mua
52	mua
53	mua
54	mua
55	noise
56	mua
57	mua
58	noise
59	mua
60	mua
61	mua
62	mua
63	mua
64	mua
65	mua
66	noise
67	noise
68	noise
69	mua
71	noise
72	noise
73	noise
74	noise
75	noise
76	noise
77	mua
78	noise
79	mua
80	mua
81	mua
82	mua
83	mua
84	mua
85	noise
87	mua
88	mua
89	noise
91	noise
92	mua
93	noise
94	noise
95	noise
96	noise
97	noise
98	noise
99	noise
100	noise
101	noise
102	noise
103	mua
104	noise
105	mua
106	mua
107	mua
108	mua
109	mua
110	noise
111	mua
112	mua
114	mua
115	noise
116	noise
117	mua
119	noise
120	mua
121	noise
122	mua
123	noise
124	mua
125	mua
126	mua
127	mua
130	mua
131	mua
132	noise
133	mua
135	noise
137	noise
138	mua
139	noise
140	noise
141	mua
142	mua
143	mua
144	mua
145	mua
146	mua
147	noise
148	noise
149	noise
150	noise
151	mua
152	mua
153	mua
154	mua
155	noise
156	noise
157	mua
158	mua
159	mua
160	mua
161	noise
163	mua
165	mua
166	mua
167	mua
168	noise
169	mua
170	mua
171	noise
172	noise
173	noise
174	noise
175	noise
176	noise
177	mua
178	mua
179	mua
180	mua
181	mua
182	mua
184	mua
185	noise
186	mua
187	noise
188	mua
189	mua
190	noise
191	noise
192	noise
193	mua
194	mua
195	noise
197	mua
199	mua
200	mua
201	noise
202	mua
203	mua
204	mua
205	mua
206	noise
208	noise
209	noise
210	noise
211	noise
212	mua
213	noise
214	noise
215	mua
216	mua
217	mua
218	mua
219	mua
220	noise
221	mua
222	mua
223	good
224	mua
225	noise
226	mua
227	noise
228	mua
229	noise
230	noise
231	noise
232	mua
233	good
234	mua
235	mua
236	mua
237	noise
238	mua
239	noise
241	mua
242	mua
243	mua
244	mua
245	mua
246	noise
247	mua
248	noise
249	good
250	noise
251	noise
252	noise
253	noise
254	mua
255	mua
256	mua
257	good
258	noise
259	noise
260	noise
261	good
262	good
263	mua
264	noise
265	mua
266	mua
267	mua
268	mua
269	mua
270	noise
271	mua
272	mua
273	mua
274	noise
275	good
276	mua
277	mua
278	mua
279	mua
280	good
281	noise
282	mua
283	mua
284	mua
285	good
286	mua
287	good
288	mua
289	noise
290	mua
291	mua
295	mua
296	noise
297	mua
298	noise
299	noise
300	good
301	noise
302	mua
303	mua
304	mua
305	noise
306	noise
310	noise
311	mua
312	mua
313	noise
314	noise
315	mua
318	mua
320	mua
321	mua
322	mua
323	good
324	noise
325	noise
326	good
327	mua
328	noise
329	mua
330	mua
331	good
332	mua
333	mua
334	good
335	mua
336	good
337	good
338	good
339	mua
340	mua
341	mua
342	noise
343	noise
344	good
345	noise
346	good
347	noise
348	noise
349	noise
350	noise
351	mua
352	noise
353	noise
354	mua
355	mua
356	mua
357	noise
358	noise
359	mua
360	mua
361	mua
362	noise
363	noise
364	noise
365	noise
366	noise
367	noise
368	good
369	noise
370	mua
373	mua
377	noise
378	noise
379	noise
381	noise
382	mua
383	mua
384	mua
385	noise
386	good
387	mua
388	mua
389	noise
390	noise
391	mua
392	mua
393	mua
394	noise
395	noise
396	noise
397	noise
398	mua
399	mua
400	noise
401	mua
403	mua
404	good
405	mua
406	noise
407	good
408	mua
409	mua
410	good
411	mua
412	mua
413	mua
414	mua
415	mua
416	noise
417	good
418	mua
419	mua
420	noise
421	mua
422	mua
423	good
424	noise
425	mua
426	good
427	noise
428	noise
429	noise
430	noise
431	noise
432	noise
433	noise
434	noise
435	noise
436	mua
437	noise
438	mua
439	noise
440	noise
441	mua
442	noise
443	mua
444	noise
445	mua
446	good
447	good
448	mua
449	noise
450	noise
451	mua
452	good
453	mua
454	mua
455	good
456	good
457	mua
458	mua
459	mua
460	good
461	noise
462	noise
463	noise
464	noise
465	noise
466	noise
467	noise
468	noise
469	mua
470	noise
471	noise
472	noise
473	noise
474	noise
475	noise
476	noise
477	noise
478	noise
479	noise
480	noise
481	mua
482	mua
483	mua
484	noise
485	mua
486	noise
487	mua
488	mua
489	mua
490	mua
491	mua
492	mua
493	noise
494	mua
495	mua
496	mua
497	noise
498	mua
499	mua
500	mua
501	mua
502	mua
503	mua
504	mua
505	mua
506	mua
507	mua
508	mua
509	noise
510	mua
511	mua
512	noise
513	noise
514	mua
515	noise
516	mua
517	mua
518	noise
519	noise
520	good
521	mua
522	mua
523	good
524	mua
525	mua
526	mua
527	mua
528	good
529	good
530	good
531	mua
532	mua
533	mua
534	good
535	mua
536	good
537	good
538	good
539	good
540	good
541	noise
542	noise
543	good
544	mua
545	noise
546	noise
547	mua
548	noise
549	noise
550	mua
551	noise
552	mua
553	mua
554	noise
555	mua
556	mua
557	mua
558	mua
559	noise
560	mua
561	mua
562	noise
563	noise
564	mua
565	good
566	noise
567	mua
568	mua
569	noise
