cluster_id	group
0	noise
1	noise
2	good
3	good
4	mua
5	noise
6	good
7	noise
8	mua
9	noise
10	good
11	noise
12	mua
13	noise
14	noise
15	noise
16	noise
17	noise
18	noise
19	noise
20	noise
21	good
22	mua
23	noise
24	noise
25	noise
26	noise
27	noise
28	mua
29	mua
30	good
31	noise
32	noise
34	mua
35	mua
36	noise
37	noise
38	mua
39	noise
40	noise
41	mua
42	noise
43	mua
44	good
45	noise
46	mua
47	noise
48	good
49	good
50	good
51	good
52	noise
53	noise
54	mua
55	mua
56	mua
57	good
58	good
59	mua
60	good
61	good
62	good
63	noise
64	mua
65	mua
66	mua
67	mua
68	mua
69	mua
70	mua
71	good
72	good
73	mua
74	good
75	noise
77	mua
78	noise
79	mua
80	good
81	good
82	good
83	mua
84	mua
85	noise
86	mua
87	mua
88	mua
89	good
90	good
91	mua
92	mua
93	noise
94	mua
95	mua
96	mua
97	good
98	good
99	good
100	good
101	good
102	mua
103	mua
104	mua
105	good
106	mua
107	mua
108	mua
109	good
110	mua
111	good
112	noise
113	good
114	noise
115	good
116	good
117	good
118	mua
119	good
120	mua
121	mua
122	mua
123	good
124	good
125	good
126	good
127	mua
128	good
129	mua
130	noise
131	mua
132	good
133	good
134	good
135	good
136	mua
137	mua
138	mua
140	good
141	mua
142	mua
143	mua
144	mua
145	good
146	mua
147	good
148	noise
149	mua
150	mua
151	mua
152	good
153	mua
154	noise
155	mua
156	good
157	good
158	good
159	good
160	mua
161	mua
162	mua
163	mua
164	mua
165	good
166	good
167	mua
168	good
169	good
170	good
171	good
172	mua
173	noise
175	good
176	good
177	mua
178	mua
179	mua
180	noise
181	good
182	good
183	good
184	mua
185	noise
186	mua
187	noise
188	mua
189	mua
190	noise
191	mua
192	mua
194	good
195	good
196	good
197	mua
198	mua
199	good
200	good
201	mua
202	mua
203	good
204	good
205	mua
206	good
208	mua
209	good
210	mua
211	good
212	noise
213	noise
214	good
215	noise
218	mua
219	mua
221	mua
222	mua
223	good
224	good
225	mua
226	good
227	good
228	mua
229	mua
230	good
231	good
232	mua
233	mua
234	mua
235	good
236	good
237	good
238	good
239	mua
240	good
241	mua
242	good
243	mua
244	noise
245	mua
246	good
247	good
248	noise
249	good
250	noise
251	noise
252	good
253	good
255	mua
256	noise
257	mua
258	noise
259	good
260	good
261	good
262	good
263	mua
264	good
265	mua
266	noise
267	mua
268	good
269	noise
270	noise
271	good
272	mua
273	noise
274	mua
275	mua
276	good
277	mua
278	good
279	good
280	mua
281	mua
282	mua
283	good
284	good
285	mua
286	mua
287	mua
288	good
289	mua
290	mua
291	mua
292	good
293	mua
294	mua
295	mua
296	good
297	noise
299	mua
300	mua
301	mua
302	mua
303	mua
304	mua
305	noise
306	mua
307	noise
309	mua
310	mua
311	noise
312	noise
313	noise
314	noise
315	noise
316	noise
317	mua
318	mua
319	mua
320	mua
321	noise
322	good
323	noise
324	good
325	good
326	noise
327	good
328	good
329	mua
330	good
331	good
332	mua
333	mua
334	mua
335	mua
336	mua
337	good
338	mua
339	mua
340	mua
341	mua
342	good
343	good
344	mua
345	mua
346	mua
347	mua
348	good
349	mua
350	mua
351	mua
352	mua
353	good
354	mua
355	mua
356	mua
357	mua
358	mua
359	mua
360	mua
361	mua
362	good
363	good
364	good
365	good
366	good
367	good
368	noise
369	good
370	good
371	mua
372	good
373	mua
374	mua
375	noise
376	good
377	mua
378	mua
379	good
380	mua
381	mua
382	mua
383	good
384	good
385	good
386	good
387	good
388	good
389	good
390	mua
391	mua
392	good
393	good
394	good
395	good
396	mua
397	good
398	mua
399	noise
400	mua
401	good
402	mua
403	mua
404	good
405	mua
406	good
407	mua
408	mua
409	good
410	good
411	good
412	good
413	mua
414	good
415	good
416	good
417	mua
418	good
419	mua
421	good
422	mua
423	mua
424	noise
425	mua
426	mua
427	mua
428	mua
429	good
430	mua
431	good
432	mua
433	good
434	mua
435	mua
436	good
437	good
438	good
439	mua
440	mua
441	mua
442	good
443	mua
444	good
445	mua
446	mua
447	mua
448	good
449	good
450	mua
451	mua
452	mua
453	good
454	mua
455	mua
456	good
457	mua
458	good
459	mua
460	good
461	good
462	mua
463	mua
464	good
465	mua
466	mua
467	mua
468	mua
469	good
470	mua
