cluster_id	group
0	good
1	mua
2	noise
3	good
4	noise
5	mua
6	good
7	noise
8	noise
9	noise
10	noise
11	noise
12	noise
13	good
14	good
15	noise
16	mua
17	good
18	noise
19	noise
20	noise
21	good
23	mua
24	noise
25	noise
26	noise
27	noise
28	noise
29	noise
30	noise
31	good
32	noise
33	noise
34	good
35	noise
36	mua
38	noise
39	mua
40	mua
41	mua
42	mua
43	mua
44	mua
45	noise
46	good
47	noise
48	good
49	noise
50	good
51	noise
52	good
53	noise
54	noise
55	noise
56	noise
57	noise
58	noise
59	noise
60	noise
61	noise
62	noise
63	noise
64	noise
65	noise
66	noise
67	noise
68	noise
69	noise
70	noise
71	noise
72	noise
73	noise
74	noise
75	noise
76	noise
77	noise
78	noise
79	noise
80	noise
81	mua
82	mua
83	mua
84	noise
85	noise
86	mua
87	noise
88	noise
89	noise
90	mua
91	noise
92	noise
93	noise
94	noise
95	noise
96	mua
97	good
98	noise
99	good
100	mua
101	noise
102	noise
103	good
104	good
105	noise
106	good
107	good
108	good
109	mua
110	mua
111	noise
112	good
113	mua
114	good
115	noise
116	noise
117	noise
118	noise
119	good
120	noise
121	mua
122	good
123	mua
124	mua
125	good
126	good
127	mua
128	good
129	good
130	mua
131	mua
132	mua
133	good
136	noise
137	good
138	good
139	good
140	good
141	mua
142	mua
143	mua
144	good
145	good
146	good
147	good
148	mua
149	noise
150	noise
151	good
152	noise
153	good
154	good
155	good
157	mua
158	noise
159	noise
160	noise
162	mua
163	mua
164	mua
165	mua
168	mua
169	mua
171	noise
172	good
173	mua
174	mua
175	good
176	good
177	good
178	good
179	mua
180	mua
181	noise
182	noise
183	noise
184	good
185	mua
186	mua
187	good
188	mua
189	good
190	noise
191	mua
192	good
193	mua
194	noise
195	mua
196	mua
197	mua
198	noise
199	noise
200	noise
201	mua
202	noise
203	mua
204	noise
205	good
206	noise
207	noise
208	noise
209	good
212	mua
213	noise
214	noise
215	mua
216	mua
217	noise
218	noise
219	noise
220	good
221	good
222	noise
223	noise
224	noise
225	mua
226	noise
227	noise
228	noise
229	noise
230	noise
231	noise
232	good
233	noise
234	mua
235	mua
236	noise
237	good
238	good
239	good
240	good
241	noise
242	noise
243	noise
244	noise
245	good
246	good
247	mua
248	good
249	mua
250	noise
251	noise
252	good
253	good
254	mua
255	mua
256	good
257	mua
258	mua
259	noise
260	mua
261	good
262	good
263	noise
264	good
265	mua
266	mua
267	noise
268	noise
269	noise
270	good
271	mua
272	mua
273	mua
274	good
275	mua
276	good
277	good
278	mua
279	good
280	good
281	good
282	good
283	mua
284	mua
285	good
286	noise
287	mua
288	noise
289	noise
290	noise
291	good
292	noise
293	noise
294	mua
295	noise
296	good
297	noise
298	noise
299	noise
300	noise
301	noise
302	good
303	mua
304	noise
305	good
306	noise
307	mua
308	good
310	mua
311	noise
312	noise
313	noise
314	mua
315	good
316	good
317	mua
318	mua
319	good
320	good
321	mua
322	good
323	noise
324	noise
325	good
326	good
327	mua
328	noise
329	noise
330	good
331	noise
332	good
334	mua
335	good
336	good
337	noise
338	good
339	mua
340	noise
341	mua
342	good
343	noise
344	good
346	noise
347	noise
348	noise
349	good
350	good
351	mua
352	good
353	good
354	mua
355	good
356	mua
357	noise
358	mua
359	mua
360	good
361	noise
362	mua
363	noise
364	good
365	good
366	good
367	mua
368	mua
369	mua
370	mua
371	mua
372	noise
373	good
374	good
375	good
376	good
377	mua
378	mua
379	mua
380	mua
381	mua
382	mua
383	mua
384	noise
385	mua
386	mua
387	mua
388	mua
389	noise
390	mua
391	noise
392	good
393	mua
394	mua
395	good
396	mua
397	mua
398	mua
399	good
400	good
401	mua
402	mua
403	mua
404	mua
405	mua
406	mua
407	noise
408	mua
409	mua
410	good
411	mua
412	good
413	noise
414	noise
415	mua
416	good
417	good
418	good
419	mua
420	mua
421	good
422	good
423	good
424	noise
425	mua
426	good
427	good
428	good
429	mua
430	noise
431	good
432	noise
433	noise
434	good
435	good
436	good
437	noise
438	noise
439	noise
440	noise
441	good
442	good
443	good
444	good
445	good
446	good
447	noise
448	good
449	mua
450	mua
451	noise
452	good
453	good
454	mua
455	mua
456	mua
457	mua
458	mua
459	mua
460	noise
461	good
462	noise
463	noise
464	good
465	good
466	mua
467	noise
468	noise
469	good
470	good
471	noise
472	mua
473	mua
