cluster_id	group
0	good
1	mua
2	good
3	good
4	noise
5	noise
6	noise
7	noise
8	good
9	mua
10	mua
11	noise
12	mua
13	good
14	mua
15	good
16	mua
17	noise
18	mua
19	good
20	good
21	noise
22	mua
23	mua
24	mua
25	noise
26	noise
27	good
28	good
29	noise
30	noise
31	good
32	good
33	mua
34	mua
35	good
36	noise
37	mua
38	good
39	noise
40	good
41	noise
42	noise
43	noise
44	noise
45	noise
46	mua
47	noise
48	noise
49	mua
50	noise
51	noise
52	noise
53	noise
54	noise
55	noise
56	noise
57	noise
58	noise
59	noise
60	noise
61	noise
62	noise
63	noise
64	noise
65	noise
66	noise
67	noise
68	noise
69	noise
70	noise
72	noise
73	noise
74	noise
75	noise
76	noise
77	noise
78	mua
79	noise
80	mua
81	mua
82	noise
83	good
84	mua
85	mua
86	good
87	good
88	good
89	good
90	good
91	noise
92	good
93	mua
94	good
95	noise
96	noise
97	noise
98	noise
99	mua
100	good
101	mua
102	mua
103	mua
104	noise
105	good
106	mua
107	good
108	mua
109	good
110	mua
111	good
112	good
113	good
114	mua
115	mua
116	mua
117	noise
118	noise
119	noise
120	noise
121	good
122	good
123	mua
124	good
125	good
126	mua
127	noise
128	good
129	good
130	mua
131	good
132	noise
133	noise
134	good
135	good
136	good
137	mua
138	noise
139	mua
140	good
141	good
142	noise
143	good
144	good
145	mua
146	noise
147	good
148	noise
149	noise
150	mua
151	good
152	good
153	good
154	good
155	good
156	mua
157	mua
158	mua
159	good
160	mua
161	mua
162	mua
163	mua
164	noise
165	noise
166	mua
167	noise
168	mua
169	noise
170	noise
171	mua
172	noise
173	noise
175	noise
176	noise
177	noise
178	good
179	good
180	mua
181	good
182	noise
183	noise
184	noise
185	noise
186	good
187	good
188	good
189	noise
190	good
191	mua
192	good
193	mua
194	good
195	noise
196	mua
197	noise
198	mua
199	noise
200	noise
201	noise
202	noise
203	noise
204	mua
205	good
206	mua
207	good
208	good
209	mua
210	good
211	noise
212	mua
213	mua
214	good
215	mua
216	noise
217	noise
218	noise
219	mua
220	good
221	noise
222	good
223	good
224	good
225	good
226	good
227	mua
228	mua
229	mua
230	good
231	mua
232	good
233	good
234	good
235	good
236	good
237	good
238	mua
239	good
240	mua
241	noise
242	noise
243	noise
244	noise
245	noise
246	mua
247	good
248	good
249	good
250	mua
251	good
252	mua
253	noise
254	noise
255	good
256	mua
257	mua
258	good
259	good
260	noise
261	mua
262	mua
263	good
264	mua
265	noise
266	good
267	good
268	good
269	noise
270	good
271	noise
272	mua
273	noise
274	mua
275	mua
276	noise
277	noise
278	mua
279	noise
280	mua
281	mua
282	good
283	mua
284	noise
285	noise
286	good
287	noise
288	good
289	good
290	good
291	good
292	good
293	good
294	mua
295	good
296	good
297	noise
298	noise
299	noise
300	noise
301	noise
302	noise
303	noise
304	good
305	noise
306	noise
307	good
308	good
309	mua
310	mua
311	mua
312	mua
313	noise
314	noise
315	noise
316	good
317	noise
318	good
319	mua
320	good
321	good
322	good
323	good
324	good
325	good
326	good
327	mua
328	good
329	mua
330	good
331	noise
332	mua
333	noise
334	mua
335	good
336	mua
337	noise
338	noise
339	mua
340	mua
341	good
342	mua
343	mua
344	good
345	noise
346	noise
347	mua
348	good
349	mua
350	good
351	mua
352	mua
353	mua
354	mua
355	noise
356	good
357	mua
358	good
359	good
360	noise
361	noise
362	noise
363	mua
364	good
365	mua
366	noise
367	noise
368	mua
369	mua
370	good
371	noise
372	noise
373	good
374	mua
375	mua
376	noise
377	noise
378	mua
379	mua
380	good
381	noise
382	good
383	mua
384	good
385	mua
386	noise
387	mua
