cluster_id	group
0	noise
1	mua
2	mua
3	mua
4	mua
5	mua
6	noise
7	mua
8	noise
9	mua
10	noise
11	noise
12	noise
13	noise
14	noise
15	noise
16	noise
17	mua
18	noise
19	mua
20	mua
22	noise
23	noise
24	noise
25	mua
26	mua
27	noise
29	noise
30	noise
31	mua
32	mua
33	noise
34	good
35	noise
36	noise
37	good
38	good
39	good
40	mua
42	good
43	mua
44	noise
45	mua
46	good
47	mua
48	good
49	mua
50	mua
51	noise
52	good
53	mua
54	mua
58	mua
59	good
61	good
62	mua
63	noise
64	mua
65	mua
66	mua
67	mua
68	good
69	mua
70	good
71	mua
72	good
73	mua
74	good
75	mua
76	mua
77	mua
78	mua
79	mua
80	mua
81	noise
82	mua
83	noise
84	noise
85	noise
86	noise
87	noise
88	mua
89	mua
90	mua
91	noise
92	good
93	noise
94	mua
95	mua
96	mua
97	good
100	noise
101	noise
103	good
104	noise
105	mua
106	noise
108	mua
109	mua
111	good
113	noise
114	noise
115	good
116	noise
117	mua
118	good
119	good
120	noise
121	mua
122	mua
123	noise
124	noise
125	noise
126	noise
127	noise
129	noise
131	noise
133	noise
134	noise
135	noise
136	noise
137	good
138	mua
139	mua
140	mua
141	good
142	mua
143	mua
144	noise
145	noise
146	mua
147	mua
148	mua
149	mua
150	noise
151	good
152	good
153	good
154	good
155	mua
156	good
157	mua
158	noise
159	good
160	noise
161	noise
162	good
163	noise
164	noise
166	noise
167	noise
168	mua
169	noise
170	noise
171	noise
172	noise
174	mua
175	mua
176	good
177	mua
178	noise
179	mua
180	noise
181	mua
182	noise
183	good
184	mua
185	mua
186	mua
187	mua
188	mua
189	mua
190	noise
191	mua
192	mua
193	mua
194	good
195	noise
196	mua
197	noise
198	mua
199	mua
200	mua
201	noise
202	noise
203	noise
204	mua
205	good
206	mua
207	good
208	noise
210	mua
211	mua
212	mua
213	noise
214	noise
215	mua
216	mua
217	noise
218	mua
219	mua
220	mua
221	noise
222	mua
223	noise
224	mua
225	mua
226	noise
227	noise
229	mua
230	mua
231	noise
232	noise
233	mua
236	mua
237	mua
242	mua
243	mua
249	noise
253	mua
254	noise
255	good
256	good
257	noise
258	noise
259	mua
260	noise
263	mua
264	noise
265	noise
266	mua
267	good
268	noise
269	noise
270	good
271	mua
272	good
273	good
274	noise
275	good
276	good
277	mua
278	mua
279	noise
280	noise
282	mua
283	mua
284	noise
285	noise
286	noise
287	noise
290	good
291	mua
292	good
293	mua
294	noise
295	noise
296	noise
297	mua
298	noise
299	noise
300	noise
301	noise
302	mua
303	noise
304	noise
305	noise
306	mua
307	mua
308	noise
309	noise
310	noise
311	mua
312	good
313	good
314	good
315	good
316	good
317	mua
318	mua
319	noise
320	good
321	mua
322	noise
323	good
324	good
325	mua
326	good
327	noise
328	noise
330	mua
331	good
332	mua
333	good
334	mua
335	mua
336	mua
337	noise
338	noise
339	noise
340	mua
341	noise
342	noise
343	noise
344	noise
345	noise
346	noise
347	noise
348	noise
349	noise
350	mua
351	mua
352	mua
353	mua
354	mua
355	mua
356	mua
357	mua
358	mua
359	mua
360	mua
361	mua
362	good
363	mua
364	mua
365	mua
366	mua
367	good
368	mua
369	mua
370	mua
371	good
372	mua
373	mua
374	mua
375	mua
376	mua
377	mua
378	mua
379	mua
380	good
381	good
382	good
383	mua
384	mua
385	noise
386	mua
387	mua
388	mua
389	noise
390	good
391	mua
392	mua
393	noise
394	noise
395	mua
396	mua
397	good
398	good
399	good
400	good
401	good
402	mua
403	good
404	good
405	good
406	mua
407	good
408	good
409	noise
410	mua
411	good
412	good
413	good
414	good
415	mua
416	mua
417	mua
418	mua
419	mua
420	mua
421	mua
422	mua
423	noise
424	mua
425	mua
426	good
