cluster_id	group
0	noise
1	mua
2	good
3	mua
5	noise
6	noise
7	good
8	good
9	noise
10	mua
11	noise
12	good
13	mua
15	noise
16	mua
17	noise
18	good
19	noise
20	noise
21	noise
22	noise
23	noise
24	noise
25	noise
26	noise
27	mua
28	mua
29	noise
30	good
31	noise
32	noise
33	noise
34	noise
35	good
36	noise
37	noise
38	noise
39	good
40	good
41	mua
42	good
43	mua
44	good
45	good
46	good
47	mua
48	good
49	good
50	good
51	good
52	noise
53	noise
54	good
55	good
56	noise
57	good
58	noise
59	good
60	good
61	mua
62	mua
63	mua
64	noise
65	mua
66	mua
67	mua
68	mua
69	good
70	mua
71	mua
72	mua
73	mua
74	mua
75	good
76	good
77	mua
78	mua
79	mua
80	noise
82	noise
83	mua
84	noise
85	noise
86	noise
87	noise
89	noise
90	noise
91	noise
92	noise
93	good
94	noise
95	noise
96	good
97	good
98	noise
99	noise
100	mua
101	good
102	good
103	good
105	mua
106	good
107	good
108	mua
109	good
110	mua
111	mua
112	good
113	mua
114	noise
115	mua
116	mua
117	good
118	mua
119	good
120	good
121	mua
123	mua
124	noise
125	mua
126	mua
127	good
128	good
129	good
130	mua
131	mua
132	good
133	mua
134	good
135	good
136	good
137	mua
138	good
139	good
140	good
141	good
142	good
143	mua
144	mua
145	mua
146	noise
147	mua
148	noise
149	mua
150	noise
151	noise
152	good
154	mua
155	noise
156	mua
157	noise
158	good
159	mua
160	good
161	noise
162	mua
163	mua
164	mua
165	noise
166	noise
167	noise
168	good
169	mua
170	good
171	good
172	noise
173	good
174	mua
175	good
176	good
177	mua
178	noise
179	good
180	mua
181	good
182	good
183	noise
184	noise
185	good
186	noise
187	mua
188	mua
189	mua
190	good
191	good
192	mua
193	good
194	mua
195	noise
196	mua
197	good
198	good
199	noise
200	mua
201	noise
202	noise
203	good
204	noise
205	noise
206	good
207	mua
208	good
209	mua
210	noise
211	noise
212	good
214	good
215	mua
216	noise
217	good
218	good
220	mua
222	mua
224	noise
225	mua
229	mua
235	mua
238	mua
242	noise
245	mua
246	good
247	mua
248	good
249	mua
250	good
251	good
252	mua
253	good
254	mua
255	good
256	good
257	good
258	good
259	good
260	good
261	mua
262	good
263	noise
264	good
265	good
266	good
267	good
268	good
269	mua
270	good
271	good
272	noise
273	good
274	mua
275	good
276	mua
277	noise
278	good
279	noise
280	mua
281	good
282	good
283	mua
284	mua
285	mua
286	noise
287	good
288	mua
289	good
290	mua
291	good
292	mua
293	good
294	good
295	good
296	mua
297	noise
298	mua
299	noise
300	good
301	good
302	good
303	mua
304	good
305	good
306	good
307	good
308	good
309	good
310	mua
311	mua
312	mua
313	noise
314	noise
315	good
316	good
317	noise
318	good
319	noise
320	noise
321	good
322	mua
323	mua
324	good
325	good
326	good
327	good
328	good
329	good
330	good
331	noise
332	mua
333	good
334	good
335	good
336	mua
337	good
338	mua
339	good
340	mua
341	noise
342	mua
343	good
344	good
345	noise
346	mua
347	good
348	noise
349	good
350	noise
351	mua
352	good
353	good
354	mua
359	mua
362	mua
363	mua
364	noise
365	noise
366	noise
367	noise
368	noise
373	noise
374	good
375	mua
376	good
377	mua
378	noise
379	mua
380	noise
381	good
382	mua
383	good
384	mua
385	mua
386	mua
387	mua
388	good
389	mua
390	good
391	good
392	mua
393	good
394	good
395	mua
396	good
397	mua
398	good
399	mua
400	good
401	good
402	mua
403	mua
404	mua
405	mua
406	mua
407	mua
408	mua
409	mua
410	mua
411	mua
412	mua
413	mua
414	good
415	good
416	noise
417	mua
418	good
419	good
420	mua
421	mua
422	good
423	good
424	good
425	good
426	mua
427	good
428	mua
429	mua
430	mua
431	noise
432	good
433	good
434	mua
435	good
436	good
437	good
438	mua
439	good
440	mua
441	good
442	good
443	good
444	good
445	good
446	mua
447	good
448	good
449	mua
450	mua
451	mua
452	mua
453	noise
454	mua
455	mua
456	mua
457	mua
458	mua
459	mua
460	mua
461	mua
462	good
463	good
464	mua
465	good
466	good
467	mua
468	mua
469	mua
470	mua
471	good
472	mua
473	mua
474	mua
475	mua
476	mua
477	noise
478	good
479	good
480	mua
481	good
482	good
483	good
484	mua
485	mua
486	good
487	mua
488	good
489	good
490	good
491	good
492	good
493	mua
494	good
495	mua
496	mua
497	good
498	good
499	good
500	good
501	mua
502	mua
503	mua
504	mua
505	mua
506	mua
507	mua
508	mua
509	mua
510	mua
511	mua
512	good
513	mua
514	mua
515	good
516	mua
517	good
518	mua
519	mua
520	mua
521	good
522	mua
523	noise
524	good
525	mua
526	mua
527	mua
528	good
529	mua
530	mua
531	good
532	mua
533	good
534	good
535	mua
536	mua
537	noise
538	mua
539	good
540	good
541	good
542	mua
543	good
544	mua
545	mua
546	mua
547	mua
548	mua
549	good
550	good
551	mua
552	good
553	mua
554	mua
555	mua
556	good
557	good
558	mua
559	mua
560	mua
561	mua
562	mua
563	good
564	mua
565	good
566	mua
567	mua
