cluster_id	group
0	good
1	mua
2	mua
3	mua
4	noise
5	good
6	mua
8	noise
9	good
10	mua
11	mua
12	noise
13	mua
14	mua
15	mua
16	mua
17	noise
18	mua
20	mua
21	noise
24	mua
26	mua
27	noise
28	noise
30	good
31	mua
32	mua
33	mua
34	good
35	mua
36	mua
37	mua
39	good
40	mua
41	mua
42	mua
43	noise
44	mua
45	noise
46	noise
47	mua
48	noise
49	noise
50	noise
51	noise
52	mua
53	noise
54	mua
55	mua
56	noise
57	noise
58	noise
59	noise
61	mua
62	mua
63	noise
64	noise
65	mua
66	mua
67	mua
68	mua
69	noise
70	good
71	good
72	good
73	good
74	mua
75	mua
76	noise
77	mua
78	noise
79	noise
80	mua
81	noise
82	noise
83	mua
84	noise
85	mua
86	noise
87	mua
88	good
89	noise
90	mua
91	noise
92	good
93	good
94	mua
95	noise
96	noise
97	noise
98	noise
99	noise
100	noise
101	noise
102	noise
103	mua
104	mua
105	noise
106	noise
107	noise
108	noise
109	mua
110	mua
111	mua
112	good
113	mua
114	mua
115	noise
116	mua
117	noise
118	noise
119	noise
120	good
121	noise
122	mua
123	noise
124	noise
125	noise
126	noise
127	mua
128	mua
129	mua
130	mua
131	mua
132	mua
133	mua
134	mua
136	noise
137	mua
138	good
139	mua
140	good
141	mua
142	good
143	noise
144	mua
145	noise
146	mua
147	mua
148	mua
149	mua
150	mua
151	good
152	good
153	good
154	good
156	good
157	good
158	mua
159	good
160	good
161	mua
162	mua
163	good
164	mua
165	good
166	mua
167	mua
168	mua
169	good
171	mua
172	mua
173	noise
174	good
175	mua
176	mua
177	good
178	mua
179	good
180	noise
181	noise
182	noise
183	noise
184	noise
185	good
187	good
188	noise
189	good
191	mua
192	mua
193	mua
194	mua
195	good
196	mua
197	noise
198	noise
199	noise
200	noise
201	mua
202	good
203	mua
204	noise
205	good
206	good
207	noise
208	mua
209	mua
210	mua
212	mua
213	noise
214	mua
215	mua
216	mua
217	mua
218	noise
219	mua
220	good
221	good
222	good
223	noise
224	mua
225	noise
226	mua
227	good
228	mua
229	mua
231	mua
232	mua
233	good
234	mua
235	mua
237	good
239	mua
240	good
241	mua
242	mua
244	mua
245	noise
247	noise
248	noise
249	mua
250	mua
251	mua
252	mua
253	mua
254	mua
255	good
256	mua
258	mua
260	good
261	good
262	mua
263	good
264	mua
265	noise
266	good
267	good
268	mua
269	mua
270	good
271	mua
272	noise
274	noise
275	mua
276	mua
277	good
278	mua
279	good
280	noise
281	mua
282	mua
283	good
284	noise
285	noise
286	mua
287	good
288	good
289	mua
290	noise
291	good
292	mua
294	mua
295	mua
296	good
297	noise
298	noise
299	mua
300	mua
302	good
303	mua
304	good
305	good
306	noise
307	mua
308	mua
309	good
310	mua
311	mua
312	mua
313	noise
314	noise
315	good
316	good
317	mua
318	good
319	good
320	mua
321	mua
322	mua
323	good
324	good
325	mua
326	good
327	good
328	mua
329	mua
330	good
331	noise
332	good
333	good
334	mua
335	mua
336	good
337	noise
338	good
339	mua
340	noise
341	mua
342	mua
343	good
344	good
345	mua
346	good
347	good
348	noise
349	noise
350	good
351	good
352	mua
353	noise
354	mua
356	noise
357	noise
358	noise
359	good
360	mua
361	noise
362	noise
363	noise
364	mua
365	mua
366	noise
367	mua
368	noise
369	noise
370	noise
371	good
372	good
373	mua
374	good
375	noise
376	noise
377	good
378	mua
379	good
380	mua
382	mua
383	good
384	good
385	mua
386	good
387	mua
388	noise
389	mua
390	noise
391	mua
392	mua
393	good
394	mua
395	mua
397	mua
399	good
400	good
401	mua
402	good
404	mua
405	mua
406	mua
407	mua
408	good
409	noise
410	noise
411	good
412	mua
413	good
414	mua
415	mua
417	mua
418	mua
419	noise
420	good
421	mua
423	mua
424	mua
425	mua
426	mua
427	good
428	good
429	mua
430	good
431	mua
432	noise
433	mua
434	noise
435	noise
436	noise
437	mua
438	mua
439	good
440	mua
441	mua
442	mua
443	mua
444	mua
445	mua
446	mua
447	good
448	mua
449	mua
450	good
451	good
452	good
453	mua
454	mua
455	mua
456	mua
457	mua
458	noise
459	noise
460	noise
461	mua
462	mua
463	mua
464	mua
465	mua
466	mua
467	mua
468	mua
469	mua
470	mua
471	good
472	mua
473	mua
474	mua
475	mua
476	mua
477	mua
478	mua
479	mua
480	mua
481	good
482	mua
483	mua
484	mua
485	good
487	mua
488	good
489	good
490	good
491	good
492	good
493	mua
494	mua
495	good
496	mua
497	mua
498	good
499	mua
500	mua
501	mua
502	good
503	mua
504	good
505	mua
506	mua
507	mua
508	good
509	good
510	good
511	mua
512	mua
513	mua
514	mua
515	mua
516	good
517	good
518	good
519	noise
520	mua
521	mua
522	good
523	mua
524	mua
525	good
526	good
527	good
528	mua
529	good
530	good
531	mua
532	mua
533	good
534	good
535	mua
536	good
537	good
538	mua
539	mua
540	good
541	noise
542	mua
543	good
544	mua
545	mua
546	mua
547	mua
548	good
549	mua
550	mua
551	mua
552	good
553	mua
554	mua
555	mua
556	mua
557	mua
558	good
559	mua
560	mua
561	good
562	mua
563	mua
564	mua
565	mua
566	mua
567	mua
568	mua
569	mua
570	good
571	good
572	mua
573	mua
574	mua
575	good
576	good
577	good
578	good
579	noise
580	noise
581	good
582	mua
583	mua
584	mua
585	good
586	good
587	mua
588	mua
589	mua
590	mua
591	mua
592	mua
593	mua
594	mua
595	mua
596	mua
597	mua
598	mua
599	mua
600	mua
601	mua
602	mua
603	noise
604	good
605	good
606	mua
607	good
608	mua
609	mua
610	mua
611	good
612	mua
613	noise
614	mua
615	mua
616	good
617	mua
618	noise
619	noise
620	mua
621	mua
622	mua
623	good
624	mua
625	mua
626	mua
627	mua
628	good
629	mua
630	mua
631	mua
632	mua
633	mua
634	mua
635	mua
636	mua
637	mua
638	mua
639	good
640	mua
641	mua
642	mua
643	noise
644	mua
645	mua
646	mua
647	mua
648	mua
