cluster_id	group
0	good
1	good
2	good
3	mua
4	mua
5	mua
6	mua
7	mua
8	mua
9	mua
10	good
11	noise
12	mua
13	good
14	noise
16	mua
17	noise
18	noise
19	noise
20	noise
21	mua
22	noise
23	noise
24	noise
25	noise
26	noise
27	noise
28	noise
29	noise
30	noise
31	noise
32	mua
33	mua
34	good
35	noise
36	mua
37	mua
38	mua
39	mua
40	noise
42	noise
43	noise
44	noise
45	noise
46	mua
47	noise
48	mua
49	mua
50	mua
51	mua
52	mua
53	mua
54	mua
56	mua
57	mua
58	mua
59	good
60	noise
61	noise
62	mua
63	mua
64	mua
65	mua
66	good
67	mua
69	mua
70	noise
71	mua
72	mua
73	noise
74	mua
76	noise
77	mua
78	good
79	good
80	noise
81	mua
82	mua
83	good
84	good
85	mua
86	good
87	noise
88	noise
89	noise
90	good
91	noise
92	noise
93	mua
94	mua
95	noise
96	mua
97	noise
98	noise
99	noise
100	mua
101	mua
102	mua
103	noise
104	mua
105	mua
106	noise
108	good
109	mua
110	good
111	mua
112	mua
113	mua
114	mua
115	good
116	good
117	mua
118	mua
119	mua
120	good
121	good
123	good
124	mua
125	mua
126	mua
127	mua
128	mua
129	good
130	mua
131	mua
132	mua
134	mua
135	mua
136	good
137	good
138	mua
139	mua
140	mua
141	mua
142	mua
143	noise
144	good
145	mua
146	good
147	noise
148	mua
149	mua
150	noise
151	mua
152	mua
153	mua
154	good
155	mua
156	noise
157	noise
158	good
159	mua
160	mua
161	mua
163	good
164	mua
165	mua
167	good
168	mua
169	mua
170	noise
171	good
172	noise
173	mua
174	noise
175	good
176	good
177	good
178	mua
180	good
181	mua
182	good
184	mua
185	mua
186	good
187	noise
188	mua
189	mua
191	mua
192	mua
193	noise
194	mua
195	noise
196	noise
197	noise
199	mua
200	noise
201	mua
202	mua
203	mua
204	noise
205	mua
206	noise
207	mua
208	noise
209	mua
210	mua
213	mua
214	noise
215	good
216	mua
217	good
218	mua
219	mua
220	mua
221	mua
222	mua
223	noise
224	mua
226	mua
227	mua
229	mua
231	mua
232	good
233	mua
234	noise
235	noise
236	noise
237	noise
238	good
239	mua
240	mua
241	mua
242	noise
243	noise
245	mua
246	mua
247	good
248	mua
249	mua
250	good
251	mua
252	mua
253	mua
254	mua
255	mua
256	noise
257	noise
258	mua
259	good
260	good
261	mua
264	good
265	mua
266	mua
267	good
268	mua
269	good
270	mua
271	mua
273	noise
274	noise
275	noise
276	noise
277	mua
278	mua
279	mua
280	noise
281	noise
282	noise
283	mua
284	noise
285	mua
286	noise
288	mua
289	mua
290	mua
291	mua
292	noise
293	good
294	good
295	noise
296	mua
297	mua
298	noise
299	mua
300	mua
301	mua
302	mua
303	noise
304	mua
305	mua
306	good
307	mua
308	noise
309	mua
310	mua
311	noise
312	mua
313	mua
314	good
315	good
316	mua
317	noise
318	noise
319	mua
320	mua
321	mua
322	mua
323	good
324	mua
325	mua
326	noise
327	noise
328	mua
329	mua
330	mua
331	mua
332	good
333	mua
335	noise
336	mua
337	mua
338	mua
339	noise
340	mua
341	mua
343	good
344	good
345	mua
346	mua
347	mua
348	noise
352	mua
354	noise
355	mua
356	mua
357	noise
358	good
359	mua
360	mua
361	mua
364	mua
365	mua
366	mua
367	mua
368	noise
369	noise
370	noise
372	noise
373	noise
374	mua
375	mua
376	good
377	noise
378	mua
379	mua
381	mua
382	noise
383	mua
384	mua
385	mua
386	mua
387	mua
388	good
389	good
390	good
391	mua
392	mua
393	good
394	mua
395	mua
396	mua
397	mua
398	mua
399	mua
400	mua
401	good
402	mua
403	mua
404	mua
405	good
406	good
407	mua
408	good
409	mua
410	mua
411	good
412	mua
413	mua
414	mua
415	mua
416	noise
417	mua
418	mua
419	mua
420	good
421	mua
422	good
423	mua
424	mua
425	mua
426	noise
427	mua
428	mua
429	mua
430	mua
431	mua
432	mua
433	noise
434	mua
435	noise
436	good
437	noise
438	good
439	mua
440	mua
441	mua
442	mua
443	noise
444	mua
445	good
446	mua
447	good
448	mua
449	mua
450	good
451	mua
452	mua
453	noise
454	mua
455	mua
456	good
457	noise
458	noise
459	good
460	mua
461	good
462	mua
463	mua
464	good
465	mua
466	good
467	mua
468	good
469	mua
470	mua
471	mua
472	mua
473	mua
474	mua
475	mua
476	noise
477	mua
478	good
479	mua
480	mua
481	mua
482	mua
483	good
484	mua
485	noise
486	mua
487	good
488	good
489	mua
490	good
491	mua
492	mua
493	noise
494	good
495	mua
496	good
497	good
498	good
499	mua
500	mua
501	good
502	good
503	mua
504	noise
505	mua
506	noise
507	mua
508	mua
509	mua
510	mua
511	mua
512	mua
513	noise
514	mua
515	mua
516	mua
517	mua
518	mua
519	mua
520	mua
521	noise
522	mua
523	mua
524	mua
525	mua
526	mua
527	mua
528	noise
529	mua
530	mua
531	mua
532	noise
533	mua
534	mua
535	mua
536	mua
537	noise
538	good
539	mua
540	mua
541	mua
542	mua
543	mua
544	mua
545	mua
546	mua
547	mua
