cluster_id	group
0	mua
1	mua
2	noise
3	good
4	mua
6	mua
7	noise
8	noise
9	mua
10	good
11	noise
12	mua
17	mua
19	good
22	mua
23	mua
24	good
25	noise
26	noise
27	good
28	mua
29	mua
30	noise
31	mua
32	mua
33	mua
34	mua
35	mua
36	mua
37	noise
38	noise
39	noise
40	mua
41	mua
42	mua
44	mua
45	mua
46	mua
47	noise
48	noise
49	noise
50	good
51	mua
52	mua
54	noise
55	mua
56	mua
57	noise
58	mua
59	good
60	mua
61	mua
62	good
63	mua
64	mua
65	good
66	mua
67	good
68	good
69	mua
70	mua
71	good
72	mua
73	mua
74	good
75	mua
76	mua
77	noise
78	mua
79	mua
80	mua
82	mua
83	mua
84	mua
85	mua
87	noise
88	noise
89	good
90	good
91	good
92	good
93	noise
94	mua
95	mua
96	mua
97	noise
98	mua
99	mua
101	mua
102	noise
103	mua
105	mua
108	mua
109	noise
111	mua
112	noise
113	noise
114	noise
115	noise
116	mua
117	mua
118	noise
119	mua
120	noise
121	mua
123	mua
124	mua
125	good
126	noise
127	noise
129	mua
130	noise
131	good
132	noise
133	mua
134	good
135	good
136	good
137	noise
138	noise
139	noise
140	mua
141	noise
144	mua
145	noise
146	mua
147	mua
149	mua
152	noise
153	noise
154	good
155	good
156	noise
157	mua
158	good
159	mua
160	noise
161	good
162	mua
163	good
164	noise
165	noise
166	mua
167	mua
168	mua
169	mua
170	good
171	mua
172	mua
174	good
177	good
178	mua
179	mua
180	noise
181	mua
182	good
183	mua
184	mua
185	noise
188	noise
189	mua
191	mua
196	mua
199	noise
200	mua
206	noise
209	mua
211	mua
212	noise
213	noise
214	mua
215	mua
216	mua
217	mua
218	mua
219	mua
220	mua
221	noise
222	noise
223	good
225	mua
227	good
228	mua
230	good
231	mua
232	mua
233	mua
234	mua
235	mua
236	mua
238	mua
239	noise
240	noise
241	noise
242	good
243	mua
244	noise
245	mua
246	noise
247	noise
248	mua
249	mua
250	mua
251	mua
252	noise
253	noise
254	noise
255	mua
256	noise
257	mua
258	noise
259	noise
260	noise
261	good
262	mua
263	mua
264	good
265	noise
266	noise
267	noise
268	mua
269	mua
270	noise
271	noise
272	noise
273	noise
274	noise
275	noise
277	noise
280	mua
281	noise
282	good
283	mua
284	mua
285	good
286	mua
287	good
288	mua
289	mua
290	mua
291	mua
292	mua
293	noise
294	good
295	mua
296	mua
297	mua
298	good
299	noise
300	noise
301	mua
302	mua
303	noise
304	noise
305	noise
306	mua
307	noise
308	noise
309	noise
310	noise
311	mua
312	good
313	mua
314	mua
315	mua
316	mua
317	noise
318	noise
320	noise
321	noise
322	noise
323	noise
324	mua
325	mua
326	mua
327	mua
328	mua
329	noise
330	mua
331	mua
332	mua
333	mua
334	noise
335	good
336	good
337	good
338	mua
339	mua
340	mua
341	noise
342	mua
343	good
344	mua
345	mua
346	mua
347	mua
348	mua
349	good
350	mua
351	noise
352	mua
353	mua
354	mua
355	mua
356	mua
357	mua
358	good
359	mua
360	mua
361	good
362	mua
363	mua
364	mua
365	noise
366	noise
367	mua
368	mua
369	mua
370	noise
371	good
372	noise
373	noise
374	good
375	noise
376	mua
377	noise
378	mua
379	noise
380	good
381	good
382	mua
383	mua
384	mua
385	mua
386	mua
387	mua
388	good
389	good
390	mua
391	mua
392	mua
393	mua
394	good
395	good
396	good
397	mua
398	good
399	mua
400	good
401	mua
402	mua
403	mua
404	mua
405	good
406	mua
407	mua
408	mua
409	good
410	mua
411	mua
412	mua
413	mua
414	mua
415	mua
416	mua
417	mua
418	good
419	good
420	mua
421	mua
422	mua
423	mua
424	mua
425	noise
426	mua
427	mua
428	mua
429	mua
430	mua
431	noise
432	mua
433	mua
434	mua
435	mua
436	mua
437	noise
438	mua
439	noise
440	good
441	mua
442	noise
443	good
444	mua
445	mua
446	good
447	mua
448	mua
449	good
450	mua
451	mua
452	mua
453	noise
454	good
455	mua
456	noise
457	noise
458	mua
459	mua
460	mua
461	noise
462	mua
463	mua
