cluster_id	group
0	good
1	noise
2	mua
3	good
4	noise
5	good
6	mua
7	good
8	good
9	good
10	noise
11	mua
12	good
13	noise
14	noise
15	noise
16	mua
17	noise
18	noise
19	good
20	mua
21	noise
22	mua
23	noise
24	good
25	noise
26	noise
27	mua
28	mua
29	mua
30	noise
31	noise
32	mua
33	good
34	noise
35	noise
36	noise
37	mua
38	noise
39	noise
40	noise
41	noise
42	noise
43	noise
44	noise
45	noise
46	noise
47	noise
48	mua
49	noise
50	mua
51	good
52	good
53	mua
54	noise
55	noise
56	mua
57	noise
58	noise
59	mua
60	noise
61	good
62	noise
63	noise
64	mua
65	good
67	good
68	noise
69	noise
70	mua
71	good
72	good
73	good
74	good
75	mua
76	good
77	good
78	good
79	mua
80	mua
81	mua
82	good
83	good
84	mua
85	mua
86	good
87	mua
88	good
89	mua
91	mua
92	noise
93	mua
94	noise
95	noise
96	good
97	mua
98	good
99	mua
100	mua
101	good
102	good
103	good
104	mua
105	mua
106	mua
107	noise
108	mua
109	mua
110	noise
111	noise
112	mua
113	good
114	mua
115	noise
116	noise
117	mua
118	noise
119	mua
120	noise
121	mua
122	good
123	good
124	mua
125	good
126	noise
127	good
128	good
129	noise
130	mua
131	noise
132	noise
133	mua
134	mua
135	noise
136	noise
137	mua
138	mua
139	good
140	good
141	good
142	mua
143	mua
144	noise
145	noise
146	good
147	mua
148	noise
149	mua
150	good
151	mua
152	good
153	good
154	mua
155	good
156	mua
157	mua
158	noise
159	mua
161	noise
164	noise
166	noise
167	mua
168	mua
169	mua
170	noise
171	mua
172	noise
173	good
174	mua
175	noise
176	good
177	noise
178	good
179	good
180	noise
181	good
182	good
183	noise
184	mua
185	noise
186	mua
187	noise
188	mua
189	good
190	noise
191	good
192	mua
193	good
194	mua
195	mua
196	good
197	good
198	good
199	noise
200	noise
201	good
202	good
203	good
204	mua
206	noise
207	good
208	noise
209	noise
210	good
211	mua
212	noise
213	noise
214	mua
215	noise
216	good
217	good
218	good
219	mua
220	noise
221	mua
222	noise
223	good
224	mua
225	mua
226	good
227	good
228	mua
229	good
230	good
231	good
232	noise
233	good
234	good
235	noise
236	mua
237	good
238	good
239	noise
240	noise
241	good
242	mua
243	mua
244	mua
245	mua
246	noise
247	good
248	noise
249	noise
250	mua
251	mua
252	good
253	noise
254	noise
255	mua
256	good
257	mua
258	good
259	good
260	mua
261	good
262	good
263	good
264	mua
265	good
266	good
267	good
268	good
269	noise
270	mua
271	noise
272	good
273	good
274	good
275	noise
276	noise
277	noise
278	noise
279	noise
280	good
281	noise
282	good
283	good
284	good
285	mua
286	mua
287	mua
288	good
289	mua
290	mua
291	good
292	good
293	mua
294	good
295	noise
296	mua
297	good
298	mua
299	mua
300	noise
301	noise
302	noise
303	mua
304	mua
305	noise
306	good
307	good
308	good
309	mua
310	noise
311	noise
312	mua
313	mua
314	mua
315	mua
316	good
317	mua
318	mua
319	noise
320	mua
321	mua
322	mua
323	mua
324	mua
325	mua
326	mua
327	mua
328	good
329	good
330	good
331	mua
332	mua
333	good
334	noise
335	good
336	good
337	mua
338	good
339	noise
340	noise
341	mua
342	good
343	noise
344	good
345	good
346	noise
347	noise
348	good
349	noise
350	noise
351	good
352	mua
353	good
354	good
355	good
356	good
357	good
358	noise
359	noise
360	good
361	mua
362	good
363	mua
364	mua
365	mua
366	mua
367	mua
368	mua
369	mua
370	mua
371	mua
372	mua
373	mua
374	mua
375	mua
376	mua
377	noise
378	good
379	noise
380	good
381	good
382	noise
383	noise
384	good
385	noise
386	good
387	good
388	mua
389	mua
390	good
391	mua
392	good
393	good
394	mua
395	mua
396	noise
397	good
398	noise
399	mua
