cluster_id	group
0	noise
1	good
2	mua
3	noise
4	mua
5	good
6	noise
7	noise
8	noise
9	noise
10	mua
11	mua
12	good
13	mua
14	noise
16	noise
17	noise
19	good
20	good
21	mua
22	noise
23	noise
24	mua
25	good
26	mua
27	good
28	mua
29	mua
30	noise
31	noise
32	noise
33	noise
34	noise
35	noise
36	noise
37	noise
38	noise
39	noise
40	noise
41	noise
42	noise
43	mua
44	mua
45	good
46	mua
47	noise
48	noise
49	noise
50	noise
51	noise
52	mua
53	good
54	mua
55	good
56	good
57	good
58	good
59	good
60	good
61	good
62	good
63	good
64	good
65	noise
66	mua
67	mua
68	good
69	good
70	mua
71	good
72	mua
73	mua
74	mua
76	mua
77	mua
78	good
79	noise
80	noise
81	mua
82	good
83	mua
84	mua
85	good
86	mua
87	mua
88	noise
89	noise
90	good
91	good
92	good
93	good
94	noise
95	good
96	mua
97	good
98	mua
99	good
100	good
101	mua
102	mua
103	good
104	mua
105	mua
106	mua
107	good
108	mua
109	mua
110	good
111	good
112	mua
113	good
114	good
115	good
116	good
117	good
118	mua
119	mua
120	good
121	good
122	good
123	good
124	good
125	good
126	mua
127	mua
128	good
129	good
130	mua
131	good
132	noise
133	mua
134	mua
135	good
136	noise
137	mua
138	mua
139	good
140	good
141	mua
142	mua
143	mua
144	good
145	mua
146	noise
147	mua
148	mua
149	good
150	mua
151	mua
152	noise
153	good
154	good
155	mua
156	mua
157	noise
158	mua
159	noise
160	good
161	good
162	mua
163	mua
164	noise
165	good
166	mua
167	mua
168	good
169	mua
170	mua
171	mua
172	mua
173	mua
174	good
176	noise
178	mua
180	mua
181	mua
182	noise
183	noise
184	noise
185	noise
186	good
187	good
188	noise
189	mua
190	noise
191	good
192	mua
193	good
194	noise
195	mua
196	noise
197	good
198	mua
199	mua
200	mua
201	mua
202	good
204	noise
205	mua
207	mua
209	mua
210	noise
212	mua
213	mua
214	mua
215	mua
216	noise
217	mua
218	mua
219	noise
225	mua
226	mua
227	mua
228	good
229	good
230	good
231	good
232	noise
233	mua
234	mua
235	good
236	good
237	mua
238	good
239	good
240	mua
241	mua
242	good
244	good
245	mua
246	good
247	mua
248	good
249	good
250	good
251	good
252	good
253	good
254	mua
255	good
256	noise
257	good
258	noise
259	good
260	good
261	good
262	good
263	mua
264	good
265	noise
266	good
267	good
268	good
269	noise
270	mua
271	mua
272	good
273	mua
274	good
275	noise
276	mua
277	noise
278	good
279	good
280	mua
281	good
282	mua
283	mua
284	noise
285	good
286	good
287	mua
288	mua
289	good
290	mua
291	good
292	mua
293	mua
294	mua
295	good
296	good
297	noise
298	mua
299	noise
300	mua
301	mua
302	mua
303	noise
304	good
305	good
306	good
307	mua
308	mua
309	good
310	good
311	mua
312	mua
313	good
314	mua
315	good
316	mua
317	mua
318	noise
319	good
320	noise
321	noise
322	mua
323	noise
324	mua
326	mua
327	good
328	noise
329	good
330	good
331	good
332	mua
333	good
334	good
335	mua
336	mua
337	mua
338	noise
339	mua
340	mua
341	mua
342	mua
343	good
344	noise
345	mua
346	mua
347	good
348	mua
349	good
350	good
351	good
352	good
353	good
354	good
355	good
356	mua
357	mua
358	mua
359	mua
360	good
361	noise
362	good
363	good
364	mua
365	good
366	mua
367	mua
368	mua
369	good
370	mua
371	mua
372	mua
373	noise
374	noise
375	good
376	mua
377	good
378	good
379	mua
380	mua
381	mua
382	mua
383	mua
384	noise
385	good
386	mua
387	good
388	good
389	mua
390	good
391	mua
392	mua
393	mua
394	mua
395	mua
396	good
397	good
398	good
399	good
400	mua
401	mua
402	good
403	mua
404	mua
405	good
406	mua
407	mua
408	noise
409	good
410	mua
411	mua
412	good
413	mua
414	noise
415	good
416	good
417	mua
418	mua
419	mua
420	good
421	mua
422	mua
423	mua
424	mua
425	mua
426	mua
427	noise
428	mua
429	good
430	mua
431	good
432	mua
433	mua
434	good
435	good
436	mua
437	good
438	good
439	good
440	good
441	good
442	mua
443	mua
444	mua
445	mua
446	mua
447	good
448	mua
449	mua
450	mua
451	mua
452	good
453	mua
454	good
455	mua
456	good
457	good
458	good
459	mua
460	mua
461	good
462	good
463	good
464	good
465	mua
466	mua
467	mua
468	mua
469	good
470	mua
471	good
472	good
473	good
474	mua
475	mua
476	good
477	good
478	mua
479	good
480	mua
481	mua
482	noise
483	good
484	noise
485	mua
486	mua
487	good
488	mua
489	mua
490	good
491	good
492	mua
493	mua
494	mua
495	mua
496	mua
497	noise
498	noise
499	good
500	mua
501	good
502	good
503	good
504	mua
505	good
506	good
507	mua
508	mua
509	mua
510	mua
511	good
512	mua
513	noise
514	good
515	mua
516	mua
517	good
518	mua
519	mua
520	mua
521	mua
522	good
523	good
524	good
525	mua
526	good
527	mua
