cluster_id	group
0	mua
1	noise
2	good
3	good
4	good
5	mua
6	good
7	good
8	mua
9	mua
10	mua
11	mua
12	noise
20	noise
24	mua
25	good
29	good
30	mua
31	noise
32	mua
33	mua
34	mua
38	noise
39	noise
40	good
41	mua
42	mua
43	mua
44	mua
49	noise
50	mua
52	noise
53	mua
54	mua
55	noise
56	noise
57	noise
58	noise
59	noise
60	mua
61	noise
62	mua
63	noise
64	mua
65	noise
66	good
67	mua
68	good
69	good
70	noise
71	good
72	mua
73	mua
74	mua
75	good
76	mua
77	mua
78	noise
79	mua
81	mua
83	mua
85	mua
86	mua
87	mua
88	mua
89	noise
90	noise
91	good
92	good
93	noise
95	mua
98	mua
99	mua
100	mua
102	noise
103	noise
104	noise
106	mua
107	mua
108	mua
109	mua
111	mua
112	mua
113	mua
114	mua
115	mua
116	mua
117	good
118	mua
119	good
122	noise
124	mua
125	mua
126	mua
127	noise
129	noise
130	mua
132	noise
133	noise
134	mua
135	mua
138	mua
139	mua
141	noise
143	mua
144	noise
145	mua
146	good
147	mua
148	good
149	good
150	good
151	noise
152	noise
153	mua
154	noise
156	mua
158	noise
159	mua
160	mua
162	mua
163	noise
164	mua
165	mua
168	mua
170	mua
171	mua
172	noise
173	noise
175	mua
176	mua
177	noise
178	noise
179	noise
180	mua
181	good
182	noise
183	mua
184	good
185	good
186	mua
187	mua
188	noise
189	noise
190	mua
191	noise
192	mua
193	noise
194	noise
195	mua
196	mua
197	mua
198	mua
199	mua
200	noise
201	noise
203	mua
204	noise
205	mua
208	mua
209	mua
212	noise
213	noise
215	mua
216	mua
217	mua
218	mua
219	mua
220	noise
221	mua
222	noise
223	mua
224	mua
226	noise
227	mua
228	mua
229	mua
230	noise
232	noise
233	noise
235	mua
236	mua
237	noise
238	mua
239	noise
240	noise
241	mua
243	noise
244	mua
245	mua
246	noise
247	good
249	mua
250	noise
251	mua
252	mua
253	noise
254	noise
255	noise
257	mua
258	noise
259	mua
260	mua
261	noise
262	mua
263	noise
264	noise
266	mua
267	good
268	noise
269	mua
270	noise
271	mua
272	noise
273	mua
274	mua
275	mua
276	noise
277	mua
278	good
279	good
280	good
281	mua
282	noise
283	mua
284	mua
285	mua
286	noise
287	noise
288	mua
289	mua
290	mua
291	mua
292	noise
295	noise
296	good
297	mua
298	noise
299	mua
304	noise
305	mua
306	mua
307	noise
308	mua
309	good
310	good
311	noise
312	noise
313	mua
314	noise
315	noise
316	mua
317	noise
318	good
319	noise
320	noise
321	noise
322	noise
323	noise
324	noise
325	mua
326	noise
327	noise
328	noise
329	noise
330	mua
331	noise
332	noise
333	good
334	mua
335	mua
336	mua
337	mua
338	mua
339	mua
340	noise
341	mua
342	good
343	mua
344	mua
345	mua
346	mua
347	mua
348	mua
349	mua
350	mua
351	mua
352	mua
353	mua
354	mua
355	mua
356	mua
357	mua
358	mua
359	mua
360	good
361	mua
362	good
363	mua
364	mua
365	mua
366	noise
367	mua
368	mua
369	mua
370	good
371	noise
372	noise
373	mua
374	mua
375	mua
376	mua
377	mua
378	mua
379	mua
380	mua
381	noise
382	mua
383	mua
384	noise
385	mua
386	noise
387	mua
388	noise
389	mua
390	mua
391	mua
392	mua
393	mua
394	mua
395	mua
396	mua
397	mua
398	mua
399	mua
400	mua
401	mua
402	mua
403	mua
404	mua
405	mua
406	mua
407	mua
408	mua
409	mua
410	mua
411	mua
412	mua
413	good
414	mua
415	mua
416	good
417	good
418	good
419	good
420	good
421	mua
422	good
423	mua
424	mua
425	mua
426	mua
427	good
428	mua
429	mua
430	mua
431	mua
432	mua
433	mua
434	mua
435	good
436	good
437	good
438	mua
439	mua
440	mua
441	mua
442	mua
443	mua
444	mua
445	mua
446	mua
447	mua
448	mua
449	mua
450	mua
451	mua
452	noise
453	mua
454	mua
455	mua
456	mua
457	mua
458	mua
459	mua
460	mua
461	mua
462	mua
463	mua
464	mua
465	good
466	good
467	mua
468	mua
469	mua
470	mua
471	mua
472	mua
473	mua
474	mua
475	mua
476	mua
477	good
478	mua
479	mua
480	mua
481	mua
482	mua
483	good
484	mua
485	mua
486	mua
487	mua
488	mua
489	mua
490	mua
491	mua
492	mua
493	mua
494	mua
495	mua
496	mua
497	noise
498	mua
