cluster_id	group
0	good
1	noise
2	noise
3	good
4	mua
5	noise
6	noise
7	good
8	mua
9	mua
10	good
11	noise
12	mua
13	good
14	mua
15	good
16	mua
17	mua
18	noise
19	good
20	noise
21	mua
22	mua
23	mua
24	good
25	good
26	noise
27	mua
28	noise
29	noise
30	noise
31	mua
32	noise
33	mua
34	good
35	mua
36	mua
37	mua
38	mua
39	mua
40	noise
41	mua
42	noise
43	mua
44	good
45	mua
46	mua
47	noise
48	mua
49	mua
50	mua
51	mua
52	good
53	mua
54	good
55	mua
56	noise
57	good
58	mua
60	noise
61	noise
62	mua
63	good
64	mua
65	mua
66	mua
67	noise
68	good
69	mua
70	good
71	mua
72	mua
73	noise
74	noise
75	noise
76	noise
77	good
78	mua
79	mua
80	good
81	noise
82	good
84	noise
85	noise
86	noise
88	noise
89	mua
90	mua
91	noise
92	noise
93	good
94	mua
95	noise
96	noise
97	noise
98	noise
99	mua
100	noise
101	noise
102	noise
103	good
104	noise
105	noise
106	noise
107	mua
108	mua
109	noise
110	good
111	good
112	noise
113	mua
114	noise
115	mua
116	mua
118	noise
119	mua
120	mua
121	noise
122	noise
123	mua
124	noise
126	noise
127	mua
128	noise
129	noise
131	mua
132	noise
134	mua
135	mua
136	noise
137	noise
138	noise
139	noise
140	mua
141	mua
142	noise
143	noise
144	noise
145	mua
146	noise
148	mua
149	mua
150	mua
151	good
152	noise
153	noise
154	mua
156	good
158	noise
159	mua
160	noise
162	noise
163	mua
164	noise
165	noise
167	mua
168	mua
169	noise
170	mua
171	mua
172	good
173	noise
174	noise
175	mua
176	mua
177	noise
178	mua
179	noise
180	noise
181	mua
182	noise
185	noise
186	mua
187	mua
188	mua
189	noise
190	noise
191	mua
192	mua
193	mua
194	mua
195	noise
196	mua
197	mua
198	noise
199	mua
200	mua
201	mua
202	noise
203	noise
204	noise
205	good
206	mua
207	good
208	mua
209	mua
210	noise
211	noise
212	noise
213	mua
214	noise
215	mua
216	noise
217	mua
218	mua
219	mua
220	noise
221	noise
222	mua
223	noise
224	mua
225	mua
226	noise
227	mua
228	good
229	noise
230	mua
231	mua
232	mua
233	noise
234	noise
235	noise
236	noise
237	mua
238	noise
239	noise
240	noise
241	good
242	mua
243	mua
244	mua
245	mua
246	mua
247	mua
248	mua
249	good
250	good
251	mua
252	mua
253	noise
254	noise
255	mua
256	mua
257	mua
258	mua
259	mua
260	mua
261	mua
262	mua
263	mua
264	mua
265	noise
266	mua
267	noise
268	mua
269	noise
270	good
271	mua
272	mua
273	mua
274	noise
275	mua
276	good
277	mua
278	good
279	good
280	mua
281	mua
282	mua
283	mua
284	mua
285	mua
286	mua
287	mua
288	mua
289	mua
290	mua
291	mua
292	mua
293	good
294	mua
295	mua
296	noise
297	mua
298	mua
299	mua
300	mua
301	noise
302	mua
303	mua
304	mua
305	noise
306	mua
307	mua
308	good
309	noise
310	noise
311	noise
312	mua
313	mua
314	mua
315	good
316	mua
317	mua
318	mua
