cluster_id	group
0	mua
1	good
2	good
3	mua
4	noise
5	good
6	good
7	noise
8	noise
9	noise
10	mua
11	mua
12	noise
13	mua
14	good
15	good
16	noise
17	mua
18	noise
19	noise
20	mua
21	good
22	noise
23	good
24	noise
25	noise
26	good
27	noise
28	noise
29	noise
30	noise
31	mua
32	mua
33	noise
34	noise
35	noise
36	good
37	noise
38	noise
39	noise
40	noise
41	noise
42	noise
43	noise
44	noise
45	noise
46	noise
47	noise
48	noise
49	noise
50	noise
51	noise
52	noise
53	good
54	noise
55	noise
56	good
57	mua
58	mua
59	noise
60	mua
61	mua
62	good
63	good
64	noise
65	good
66	mua
67	noise
68	good
69	good
70	good
71	good
72	mua
73	noise
74	noise
75	good
76	good
77	noise
78	good
79	mua
80	noise
81	mua
82	noise
84	noise
85	mua
86	mua
87	mua
88	good
89	noise
90	mua
91	noise
92	good
93	noise
94	mua
95	noise
96	mua
97	good
98	noise
99	good
100	mua
101	good
102	good
103	mua
104	noise
105	mua
106	noise
107	noise
108	good
109	good
110	mua
111	good
112	good
113	noise
114	good
115	good
116	noise
117	good
118	good
119	noise
120	noise
121	noise
122	noise
123	noise
124	noise
125	noise
126	good
127	good
128	noise
129	mua
130	good
131	mua
132	mua
133	good
134	good
135	mua
136	good
137	good
138	good
139	good
140	noise
141	good
142	good
143	mua
144	good
145	mua
146	good
147	mua
148	good
149	mua
150	mua
151	mua
152	mua
153	good
154	mua
155	mua
156	mua
159	mua
162	mua
164	mua
165	noise
166	good
167	noise
168	mua
169	mua
170	good
171	good
172	good
173	good
174	good
175	noise
176	noise
177	good
178	noise
179	noise
180	good
181	noise
182	noise
183	good
184	good
185	good
186	good
187	good
188	mua
189	mua
190	mua
191	noise
192	noise
193	noise
194	noise
195	good
196	noise
197	good
198	mua
199	mua
201	good
202	noise
203	mua
204	good
205	mua
206	good
207	mua
208	noise
209	mua
210	good
211	good
212	mua
213	noise
214	mua
215	noise
216	mua
217	mua
218	mua
219	noise
220	good
221	good
222	good
223	good
224	mua
226	noise
227	good
228	good
229	mua
230	good
231	good
232	noise
233	noise
234	mua
235	noise
236	good
237	good
238	noise
239	good
240	good
241	good
242	good
243	noise
244	mua
245	noise
246	mua
247	noise
248	noise
249	noise
250	good
251	good
252	good
253	good
254	noise
255	mua
256	mua
257	good
258	good
259	mua
260	noise
261	good
262	good
263	mua
264	mua
265	noise
266	good
267	mua
268	noise
269	good
270	mua
271	good
272	noise
273	noise
274	noise
275	noise
276	good
277	good
278	noise
279	noise
280	good
281	good
282	mua
283	mua
284	mua
285	noise
286	good
287	good
288	mua
289	mua
290	mua
291	mua
292	mua
293	mua
294	noise
295	good
296	noise
297	noise
298	noise
299	noise
300	good
301	good
302	good
303	mua
304	good
305	noise
306	good
307	good
308	good
309	good
310	good
311	good
312	good
313	mua
314	mua
315	mua
316	noise
317	noise
318	noise
319	mua
320	good
321	good
322	good
323	mua
324	good
325	good
326	good
327	good
328	noise
329	noise
330	mua
331	mua
332	mua
333	mua
334	mua
335	mua
336	noise
337	noise
338	good
